line_id,station_code,station_uid,station_name,branch_code,direction,day_type,mean_congestion,median_congestion,max_congestion,p95_congestion,n_cells,peak_time_bin,peak_bin_mean,n_bins_over80,peak_duration_min,am_peak_mean,pm_peak_mean
1,150,1_서울역,서울역,main,down,saturday,33.37,33.4,75.7,61.7,423,16:00~16:30,61.94,0,0,15.25,51.29
1,150,1_서울역,서울역,main,down,sunday,23.68,24.73,47.0,41.89,423,18:00~18:30,40.72,0,0,10.35,35.93
1,150,1_서울역,서울역,main,down,weekday,35.19,31.7,126.9,74.66,429,18:00~18:30,120.29,1,30,30.76,76.52
1,150,1_서울역,서울역,main,up,saturday,30.3,28.35,72.5,55.28,422,11:30~12:00,53.51,0,0,21.6,29.37
1,150,1_서울역,서울역,main,up,sunday,21.51,19.81,44.5,37.88,422,13:30~14:00,36.75,0,0,15.16,21.05
1,150,1_서울역,서울역,main,up,weekday,31.3,27.8,97.1,68.54,429,08:30~09:00,89.69,1,30,65.05,35.89
1,151,1_시청,시청,main,down,saturday,31.15,29.5,71.6,59.38,423,17:30~18:00,55.64,0,0,14.87,47.69
1,151,1_시청,시청,main,down,sunday,21.83,21.8,44.7,39.1,423,15:00~15:30,38.43,0,0,10.93,32.68
1,151,1_시청,시청,main,down,weekday,32.95,30.4,113.65,71.7,429,18:00~18:30,108.75,1,30,30.12,71.25
1,151,1_시청,시청,main,up,saturday,29.43,27.6,61.5,50.1,423,13:00~13:30,47.19,0,0,19.25,30.34
1,151,1_시청,시청,main,up,sunday,21.07,20.4,41.0,35.2,423,13:00~13:30,35.58,0,0,13.29,21.84
1,151,1_시청,시청,main,up,weekday,30.17,28.82,69.0,57.4,429,18:00~18:30,62.89,0,0,48.37,43.63
1,152,1_종각,종각,main,down,saturday,29.95,29.4,61.0,53.98,423,17:30~18:00,52.11,0,0,16.13,43.31
1,152,1_종각,종각,main,down,sunday,20.97,21.21,43.6,37.69,423,15:00~15:30,38.73,0,0,11.8,29.97
1,152,1_종각,종각,main,down,weekday,30.88,28.6,83.2,56.26,429,18:00~18:30,80.04,1,30,41.12,55.41
1,152,1_종각,종각,main,up,saturday,28.91,27.96,58.3,46.49,423,16:30~17:00,44.05,0,0,17.31,31.63
1,152,1_종각,종각,main,up,sunday,20.86,21.7,38.3,32.6,423,13:00~13:30,33.4,0,0,12.24,23.33
1,152,1_종각,종각,main,up,weekday,29.8,30.1,89.2,52.5,429,18:00~18:30,81.9,1,30,29.12,53.81
1,153,1_종로3가,종로3가,main,down,saturday,28.85,28.5,58.0,51.0,423,15:00~15:30,50.67,0,0,18.39,38.79
1,153,1_종로3가,종로3가,main,down,sunday,20.34,21.3,41.7,36.27,423,15:00~15:30,37.52,0,0,13.09,26.62
1,153,1_종로3가,종로3가,main,down,weekday,29.78,27.66,75.3,65.53,429,08:30~09:00,70.61,0,0,57.42,41.17
1,153,1_종로3가,종로3가,main,up,saturday,30.27,30.7,57.8,47.4,423,14:00~14:30,45.63,0,0,17.07,34.67
1,153,1_종로3가,종로3가,main,up,sunday,22.31,23.7,47.3,35.17,423,14:00~14:30,35.88,0,0,12.05,26.49
1,153,1_종로3가,종로3가,main,up,weekday,32.13,31.7,94.1,61.37,429,18:00~18:30,87.46,1,30,29.89,58.66
1,154,1_종로5가,종로5가,main,down,saturday,30.59,29.2,71.7,57.19,423,15:30~16:00,57.59,0,0,20.85,38.29
1,154,1_종로5가,종로5가,main,down,sunday,21.84,21.7,47.6,40.79,423,12:30~13:00,41.09,0,0,14.51,26.56
1,154,1_종로5가,종로5가,main,down,weekday,31.91,31.7,79.5,68.94,429,08:00~08:30,76.35,0,0,63.69,40.52
1,154,1_종로5가,종로5가,main,up,saturday,28.63,29.67,57.9,46.34,423,14:00~14:30,44.74,0,0,15.12,35.17
1,154,1_종로5가,종로5가,main,up,sunday,21.55,23.3,42.4,33.79,423,14:00~14:30,35.35,0,0,11.26,26.96
1,154,1_종로5가,종로5가,main,up,weekday,30.7,30.1,94.3,66.66,429,18:00~18:30,86.29,1,30,22.85,61.12
1,155,1_동대문,동대문,main,down,saturday,28.8,27.4,65.3,53.3,423,15:30~16:00,53.48,0,0,22.07,33.31
1,155,1_동대문,동대문,main,down,sunday,20.92,20.7,46.7,39.5,423,12:30~13:00,40.5,0,0,14.88,24.06
1,155,1_동대문,동대문,main,down,weekday,30.21,29.8,84.1,73.83,429,08:00~08:30,81.31,2,60,68.4,32.93
1,155,1_동대문,동대문,main,up,saturday,28.54,29.6,55.7,44.8,423,17:00~17:30,43.47,0,0,15.3,35.64
1,155,1_동대문,동대문,main,up,sunday,21.56,22.8,46.4,33.79,423,14:00~14:30,34.71,0,0,11.23,27.28
1,155,1_동대문,동대문,main,up,weekday,30.81,30.28,92.0,67.73,429,18:00~18:30,86.46,1,30,22.01,61.38
1,156,1_신설동,신설동,main,down,saturday,26.0,26.1,54.6,46.21,423,12:30~13:00,50.37,0,0,23.34,27.03
1,156,1_신설동,신설동,main,down,sunday,18.87,19.4,44.9,33.98,423,12:30~13:00,37.36,0,0,15.73,20.06
1,156,1_신설동,신설동,main,down,weekday,27.45,26.9,81.5,63.6,429,08:00~08:30,77.15,0,0,59.72,27.93
1,156,1_신설동,신설동,main,up,saturday,25.56,26.19,63.6,39.8,423,17:00~17:30,44.91,0,0,13.61,34.76
1,156,1_신설동,신설동,main,up,sunday,18.9,19.56,37.3,31.46,423,17:00~17:30,32.57,0,0,9.32,27.18
1,156,1_신설동,신설동,main,up,weekday,27.36,26.15,76.4,65.43,426,18:00~18:30,72.83,0,0,16.5,57.04
1,157,1_제기동,제기동,main,down,saturday,24.58,24.9,54.0,44.5,423,12:30~13:00,48.39,0,0,22.94,24.61
1,157,1_제기동,제기동,main,down,sunday,17.88,17.9,45.4,32.15,423,12:30~13:00,35.66,0,0,15.46,18.27
1,157,1_제기동,제기동,main,down,weekday,25.71,25.0,75.4,61.76,429,08:00~08:30,70.79,0,0,57.56,24.84
1,157,1_제기동,제기동,main,up,saturday,23.14,23.6,58.3,38.29,423,17:00~17:30,42.62,0,0,12.27,33.24
1,157,1_제기동,제기동,main,up,sunday,17.25,18.1,42.0,27.99,423,17:00~17:30,30.97,0,0,8.79,25.96
1,157,1_제기동,제기동,main,up,weekday,25.31,23.21,76.2,64.78,426,18:00~18:30,72.41,0,0,14.27,56.55
1,158,1_청량리,청량리,main,down,saturday,22.38,24.1,43.9,38.89,423,12:30~13:00,39.95,0,0,22.54,22.43
1,158,1_청량리,청량리,main,down,sunday,16.47,16.5,36.2,29.2,423,12:30~13:00,30.0,0,0,15.02,16.91
1,158,1_청량리,청량리,main,down,weekday,23.87,22.7,71.26,63.12,429,07:30~08:00,67.62,0,0,56.79,21.48
1,158,1_청량리,청량리,main,up,saturday,19.36,19.82,50.8,33.3,423,15:30~16:00,34.15,0,0,9.39,28.42
1,158,1_청량리,청량리,main,up,sunday,14.61,15.5,42.8,24.79,423,15:30~16:00,28.6,0,0,7.04,22.42
1,158,1_청량리,청량리,main,up,weekday,21.83,18.8,73.9,50.19,426,18:00~18:30,63.62,0,0,11.73,49.48
1,159,1_동묘앞,동묘앞,main,down,saturday,28.41,26.8,65.2,52.79,423,12:30~13:00,53.85,0,0,22.48,30.85
1,159,1_동묘앞,동묘앞,main,down,sunday,20.92,20.2,48.7,39.6,423,12:30~13:00,41.42,0,0,15.26,23.28
1,159,1_동묘앞,동묘앞,main,down,weekday,29.49,29.6,88.6,70.47,429,08:00~08:30,85.35,1,30,65.33,31.54
1,159,1_동묘앞,동묘앞,main,up,saturday,25.47,26.4,48.5,39.4,423,16:00~16:30,39.77,0,0,13.74,32.58
1,159,1_동묘앞,동묘앞,main,up,sunday,18.95,20.09,39.6,30.0,423,16:00~16:30,30.73,0,0,9.9,25.15
1,159,1_동묘앞,동묘앞,main,up,weekday,27.74,26.5,80.36,65.1,428,18:30~19:00,74.99,0,0,18.73,55.87
2,201,2_시청,시청,main,inner,saturday,41.11,42.7,86.4,65.31,420,16:30~17:00,71.08,0,0,23.96,49.8
2,201,2_시청,시청,main,inner,sunday,29.21,32.01,50.2,43.27,420,16:30~17:00,44.0,0,0,17.12,33.97
2,201,2_시청,시청,main,inner,weekday,41.21,40.0,103.8,73.29,429,08:00~08:30,97.51,2,60,68.4,52.13
2,201,2_시청,시청,main,outer,saturday,44.37,49.94,87.7,76.67,423,15:30~16:00,74.25,0,0,16.31,68.6
2,201,2_시청,시청,main,outer,sunday,30.48,34.7,61.3,49.87,423,15:30~16:00,53.9,0,0,10.88,45.24
2,201,2_시청,시청,main,outer,weekday,42.46,39.5,115.3,90.59,429,18:00~18:30,111.85,2,60,33.74,84.51
2,202,2_을지로입구,을지로입구,main,inner,saturday,40.99,44.6,92.8,66.99,423,16:30~17:00,73.38,0,0,20.5,53.9
2,202,2_을지로입구,을지로입구,main,inner,sunday,29.05,33.9,53.4,44.0,423,16:30~17:00,46.84,0,0,14.55,36.78
2,202,2_을지로입구,을지로입구,main,inner,weekday,41.19,40.8,87.2,69.22,429,18:00~18:30,85.22,1,30,49.45,65.61
2,202,2_을지로입구,을지로입구,main,outer,saturday,42.4,47.5,84.6,71.98,423,15:30~16:00,70.1,0,0,17.43,63.59
2,202,2_을지로입구,을지로입구,main,outer,sunday,29.17,33.0,57.6,46.64,423,15:30~16:00,50.24,0,0,11.89,41.77
2,202,2_을지로입구,을지로입구,main,outer,weekday,41.23,38.9,102.8,79.18,429,18:00~18:30,100.5,2,60,42.39,75.37
2,203,2_을지로3가,을지로3가,main,inner,saturday,39.89,43.35,83.8,66.04,420,23:00~23:30,71.51,0,0,19.74,51.08
2,203,2_을지로3가,을지로3가,main,inner,sunday,28.49,33.2,53.8,42.7,420,16:30~17:00,46.39,0,0,13.07,36.15
2,203,2_을지로3가,을지로3가,main,inner,weekday,40.18,39.7,88.7,69.95,429,18:00~18:30,84.42,1,30,43.65,66.6
2,203,2_을지로3가,을지로3가,main,outer,saturday,41.68,45.57,80.0,69.58,423,15:30~16:00,69.11,0,0,20.72,60.21
2,203,2_을지로3가,을지로3가,main,outer,sunday,28.46,32.25,54.8,46.0,423,15:30~16:00,48.01,0,0,14.36,38.71
2,203,2_을지로3가,을지로3가,main,outer,weekday,40.71,38.5,86.7,75.1,429,18:00~18:30,82.4,1,30,59.15,64.04
2,204,2_을지로4가,을지로4가,main,inner,saturday,40.59,44.35,88.5,67.73,420,23:00~23:30,72.31,0,0,19.24,52.97
2,204,2_을지로4가,을지로4가,main,inner,sunday,28.96,33.9,55.9,43.95,420,16:30~17:00,48.09,0,0,13.12,37.07
2,204,2_을지로4가,을지로4가,main,inner,weekday,41.69,39.9,94.2,77.82,429,18:00~18:30,89.02,1,30,41.03,73.41
2,204,2_을지로4가,을지로4가,main,outer,saturday,40.03,42.5,77.9,65.58,423,15:30~16:00,63.36,0,0,21.16,56.91
2,204,2_을지로4가,을지로4가,main,outer,sunday,27.64,31.3,50.3,43.86,423,15:30~16:00,43.72,0,0,15.06,36.55
2,204,2_을지로4가,을지로4가,main,outer,weekday,39.14,36.6,87.72,75.25,429,08:00~08:30,82.96,1,30,64.62,56.13
2,205,2_동대문역사문화공원,동대문역사문화공원,main,inner,saturday,44.52,47.55,90.6,70.88,420,16:30~17:00,77.24,0,0,24.66,57.15
2,205,2_동대문역사문화공원,동대문역사문화공원,main,inner,sunday,31.68,34.95,61.7,49.13,420,16:30~17:00,52.12,0,0,16.14,39.66
2,205,2_동대문역사문화공원,동대문역사문화공원,main,inner,weekday,46.12,45.79,93.6,82.26,429,18:00~18:30,87.51,3,90,54.27,76.03
2,205,2_동대문역사문화공원,동대문역사문화공원,main,outer,saturday,41.32,44.6,84.3,66.88,423,16:30~17:00,65.63,0,0,23.16,58.37
2,205,2_동대문역사문화공원,동대문역사문화공원,main,outer,sunday,28.44,31.94,51.4,44.77,423,15:30~16:00,44.92,0,0,15.91,37.27
2,205,2_동대문역사문화공원,동대문역사문화공원,main,outer,weekday,40.43,38.0,96.72,77.72,429,08:00~08:30,91.99,2,60,71.41,54.68
2,206,2_신당,신당,main,inner,saturday,44.49,47.1,90.72,71.11,420,16:30~17:00,77.82,0,0,25.18,56.41
2,206,2_신당,신당,main,inner,sunday,31.65,33.63,62.4,50.31,420,16:30~17:00,52.91,0,0,16.54,39.13
2,206,2_신당,신당,main,inner,weekday,46.43,46.5,90.0,80.76,429,17:30~18:00,82.23,2,60,58.52,73.33
2,206,2_신당,신당,main,outer,saturday,45.69,49.0,88.9,74.15,423,17:00~17:30,73.11,0,0,24.66,65.99
2,206,2_신당,신당,main,outer,sunday,31.8,36.4,57.1,50.05,423,15:30~16:00,48.65,0,0,16.6,44.4
2,206,2_신당,신당,main,outer,weekday,45.0,43.3,93.09,82.33,429,08:00~08:30,89.99,2,60,68.06,65.87
2,207,2_상왕십리,상왕십리,main,inner,saturday,43.94,45.75,85.68,70.34,420,16:30~17:00,73.85,0,0,25.39,55.32
2,207,2_상왕십리,상왕십리,main,inner,sunday,31.19,32.32,60.2,50.5,420,16:30~17:00,50.77,0,0,16.73,38.05
2,207,2_상왕십리,상왕십리,main,inner,weekday,46.09,45.8,86.1,79.22,429,08:00~08:30,81.67,1,30,60.56,71.76
2,207,2_상왕십리,상왕십리,main,outer,saturday,45.91,50.3,88.2,74.67,423,17:00~17:30,76.27,0,0,23.87,66.95
2,207,2_상왕십리,상왕십리,main,outer,sunday,32.03,36.8,57.5,50.88,423,15:30~16:00,48.82,0,0,15.78,45.2
2,207,2_상왕십리,상왕십리,main,outer,weekday,45.13,43.3,92.7,84.34,429,18:30~19:00,90.21,3,90,64.17,69.69
2,208,2_왕십리,왕십리,main,inner,saturday,34.0,32.7,72.3,57.6,420,14:30~15:00,54.71,0,0,20.28,42.51
2,208,2_왕십리,왕십리,main,inner,sunday,24.85,22.87,50.7,43.21,420,15:30~16:00,42.46,0,0,13.63,29.84
2,208,2_왕십리,왕십리,main,inner,weekday,35.59,36.2,77.12,63.16,429,08:30~09:00,71.54,0,0,52.56,48.53
2,208,2_왕십리,왕십리,main,outer,saturday,45.34,49.7,88.5,73.88,423,17:00~17:30,75.97,0,0,22.8,67.08
2,208,2_왕십리,왕십리,main,outer,sunday,31.72,36.7,57.8,51.08,423,18:00~18:30,47.99,0,0,15.2,45.58
2,208,2_왕십리,왕십리,main,outer,weekday,44.62,43.06,88.78,83.1,429,18:30~19:00,85.67,3,90,59.99,70.53
2,209,2_한양대,한양대,main,inner,saturday,33.17,32.1,71.9,56.99,420,16:30~17:00,54.2,0,0,17.9,43.05
2,209,2_한양대,한양대,main,inner,sunday,24.26,23.0,49.4,42.25,420,15:30~16:00,40.2,0,0,12.11,30.27
2,209,2_한양대,한양대,main,inner,weekday,34.14,33.9,66.71,61.4,429,08:30~09:00,64.44,0,0,47.2,50.08
2,209,2_한양대,한양대,main,outer,saturday,36.28,39.0,74.3,62.57,423,17:00~17:30,62.05,0,0,16.86,56.75
2,209,2_한양대,한양대,main,outer,sunday,26.11,28.2,57.5,44.79,423,18:30~19:00,42.3,0,0,11.18,40.39
2,209,2_한양대,한양대,main,outer,weekday,35.02,33.3,80.73,67.78,429,18:00~18:30,76.01,0,0,36.97,60.93
2,210,2_뚝섬,뚝섬,main,inner,saturday,32.42,33.2,72.1,54.7,420,17:00~17:30,53.52,0,0,16.5,44.07
2,210,2_뚝섬,뚝섬,main,inner,sunday,23.79,23.78,47.5,41.2,420,15:30~16:00,39.9,0,0,11.15,31.5
2,210,2_뚝섬,뚝섬,main,inner,weekday,32.8,31.8,68.56,57.66,429,17:00~17:30,62.39,0,0,39.25,53.5
2,210,2_뚝섬,뚝섬,main,outer,saturday,35.49,38.3,72.9,60.3,423,17:00~17:30,61.85,0,0,17.37,54.03
2,210,2_뚝섬,뚝섬,main,outer,sunday,25.62,27.7,52.91,44.18,423,18:00~18:30,41.95,0,0,11.52,38.72
2,210,2_뚝섬,뚝섬,main,outer,weekday,33.47,32.2,79.67,62.39,429,18:00~18:30,74.94,0,0,37.91,56.86
2,211,2_성수,성수,main,inner,saturday,33.74,36.5,78.7,56.5,420,23:30~24:00,57.45,0,0,15.35,50.52
2,211,2_성수,성수,main,inner,sunday,24.37,27.31,48.0,40.81,420,15:30~16:00,40.81,0,0,10.3,37.03
2,211,2_성수,성수,main,inner,weekday,32.41,32.2,78.52,57.45,429,18:30~19:00,74.8,0,0,28.79,56.25
2,211,2_성수,성수,main,outer,saturday,17.93,8.0,63.5,49.19,423,17:00~17:30,30.13,0,0,9.39,25.89
2,211,2_성수,성수,main,outer,sunday,12.85,5.3,43.4,36.14,423,15:30~16:00,19.83,0,0,6.21,18.26
2,211,2_성수,성수,main,outer,weekday,16.84,13.3,62.2,46.2,429,18:00~18:30,32.45,0,0,22.36,25.92
2,212,2_건대입구,건대입구,main,inner,saturday,32.72,34.6,67.8,51.1,420,15:30~16:00,50.26,0,0,19.83,42.61
2,212,2_건대입구,건대입구,main,inner,sunday,23.73,25.2,47.32,37.0,420,15:30~16:00,39.03,0,0,13.13,32.0
2,212,2_건대입구,건대입구,main,inner,weekday,31.44,31.0,59.96,53.86,429,18:30~19:00,57.33,0,0,39.58,45.68
2,212,2_건대입구,건대입구,main,outer,saturday,35.89,35.8,83.8,63.28,423,16:30~17:00,64.52,0,0,20.82,45.9
2,212,2_건대입구,건대입구,main,outer,sunday,25.61,27.4,58.2,44.4,423,16:30~17:00,44.67,0,0,13.81,32.12
2,212,2_건대입구,건대입구,main,outer,weekday,33.61,32.2,75.4,59.58,429,08:00~08:30,71.59,0,0,54.35,44.43
2,213,2_구의,구의,main,inner,saturday,31.27,32.9,63.7,48.2,420,15:30~16:00,48.9,0,0,20.77,39.3
2,213,2_구의,구의,main,inner,sunday,22.72,23.9,46.15,35.5,420,15:30~16:00,37.44,0,0,13.64,29.23
2,213,2_구의,구의,main,inner,weekday,30.27,29.4,63.2,54.13,429,08:00~08:30,60.24,0,0,42.82,41.8
2,213,2_구의,구의,main,outer,saturday,34.73,37.0,77.2,62.13,423,16:30~17:00,64.61,0,0,18.35,47.92
2,213,2_구의,구의,main,outer,sunday,24.72,27.5,53.7,43.74,423,16:30~17:00,43.76,0,0,11.71,34.51
2,213,2_구의,구의,main,outer,weekday,33.25,31.79,66.92,58.2,429,18:00~18:30,62.85,0,0,44.27,51.83
2,214,2_강변,강변,main,inner,saturday,30.72,32.0,63.5,47.7,420,15:30~16:00,47.88,0,0,20.71,38.17
2,214,2_강변,강변,main,inner,sunday,22.13,23.4,43.85,34.91,420,15:30~16:00,34.82,0,0,13.85,27.31
2,214,2_강변,강변,main,inner,weekday,30.5,29.27,71.6,57.04,429,08:00~08:30,67.48,0,0,48.47,39.88
2,214,2_강변,강변,main,outer,saturday,33.43,36.89,77.4,59.78,423,16:30~17:00,61.93,0,0,15.75,47.9
2,214,2_강변,강변,main,outer,sunday,23.88,26.7,50.3,42.14,423,16:30~17:00,41.32,0,0,10.09,34.78
2,214,2_강변,강변,main,outer,weekday,32.19,30.6,67.6,58.58,429,18:00~18:30,64.46,0,0,37.36,53.5
2,215,2_잠실나루,잠실나루,main,inner,saturday,30.56,31.55,59.87,48.19,420,15:30~16:00,50.58,0,0,20.73,37.8
2,215,2_잠실나루,잠실나루,main,inner,sunday,22.06,23.1,48.68,34.79,420,15:30~16:00,36.99,0,0,13.94,26.88
2,215,2_잠실나루,잠실나루,main,inner,weekday,30.32,29.3,70.0,57.47,429,08:30~09:00,66.04,0,0,48.36,39.33
2,215,2_잠실나루,잠실나루,main,outer,saturday,32.76,35.3,76.2,57.96,423,16:30~17:00,61.11,0,0,15.61,47.76
2,215,2_잠실나루,잠실나루,main,outer,sunday,23.25,25.4,51.9,41.99,423,16:30~17:00,41.08,0,0,9.93,34.75
2,215,2_잠실나루,잠실나루,main,outer,weekday,32.14,29.1,71.1,61.9,429,18:00~18:30,68.16,0,0,32.57,56.17
2,216,2_잠실,잠실,main,inner,saturday,33.51,35.35,67.7,49.8,420,15:30~16:00,51.79,0,0,25.18,40.92
2,216,2_잠실,잠실,main,inner,sunday,23.79,26.05,55.43,36.73,420,15:30~16:00,37.81,0,0,15.64,28.97
2,216,2_잠실,잠실,main,inner,weekday,35.33,32.5,94.0,78.64,429,08:00~08:30,91.23,2,60,70.05,40.5
2,216,2_잠실,잠실,main,outer,saturday,32.77,35.5,81.8,57.49,423,17:00~17:30,60.78,0,0,15.05,47.91
2,216,2_잠실,잠실,main,outer,sunday,23.35,25.8,58.5,42.11,423,17:00~17:30,42.4,0,0,9.57,35.1
2,216,2_잠실,잠실,main,outer,weekday,32.22,29.4,70.9,62.48,429,18:00~18:30,68.23,0,0,31.16,56.04
2,217,2_잠실새내,잠실새내,main,inner,saturday,32.44,34.67,65.5,47.01,420,16:00~16:30,48.23,0,0,25.09,38.08
2,217,2_잠실새내,잠실새내,main,inner,sunday,23.12,25.6,49.6,34.64,420,12:30~13:00,35.25,0,0,16.12,27.01
2,217,2_잠실새내,잠실새내,main,inner,weekday,34.82,31.3,102.37,81.84,429,08:30~09:00,97.77,2,60,73.71,37.4
2,217,2_잠실새내,잠실새내,main,outer,saturday,35.02,35.6,95.5,62.06,423,17:00~17:30,67.44,0,0,16.69,49.91
2,217,2_잠실새내,잠실새내,main,outer,sunday,24.15,25.5,66.2,43.7,423,17:00~17:30,43.63,0,0,11.21,35.27
2,217,2_잠실새내,잠실새내,main,outer,weekday,37.78,32.67,92.46,83.24,429,18:00~18:30,89.33,2,60,28.54,73.95
2,218,2_종합운동장,종합운동장,main,inner,saturday,32.13,35.13,68.54,45.41,420,16:30~17:00,43.38,0,0,24.73,38.63
2,218,2_종합운동장,종합운동장,main,inner,sunday,22.71,25.05,54.68,34.11,420,12:30~13:00,31.64,0,0,15.84,28.6
2,218,2_종합운동장,종합운동장,main,inner,weekday,35.3,32.0,107.91,81.06,429,08:30~09:00,104.96,2,60,75.86,35.73
2,218,2_종합운동장,종합운동장,main,outer,saturday,34.17,33.8,96.0,61.38,423,17:00~17:30,67.32,0,0,16.28,49.92
2,218,2_종합운동장,종합운동장,main,outer,sunday,23.48,24.4,67.3,43.76,423,17:00~17:30,43.6,0,0,10.88,35.48
2,218,2_종합운동장,종합운동장,main,outer,weekday,37.36,31.3,94.87,84.24,429,18:00~18:30,91.84,2,60,24.94,76.21
2,219,2_삼성,삼성,main,inner,saturday,34.26,35.1,82.79,54.5,423,20:30~21:00,55.18,0,0,21.21,48.32
2,219,2_삼성,삼성,main,inner,sunday,23.81,25.7,60.27,39.78,423,20:30~21:00,40.04,0,0,13.22,34.68
2,219,2_삼성,삼성,main,inner,weekday,38.8,35.8,84.0,69.43,429,08:30~09:00,80.19,1,30,61.67,56.88
2,219,2_삼성,삼성,main,outer,saturday,34.12,33.09,90.8,62.57,423,16:00~16:30,63.56,0,0,16.7,47.51
2,219,2_삼성,삼성,main,outer,sunday,23.2,23.3,65.4,41.8,423,16:30~17:00,40.78,0,0,10.93,32.56
2,219,2_삼성,삼성,main,outer,weekday,37.83,31.3,119.71,83.02,429,18:00~18:30,108.69,2,60,24.77,81.08
2,220,2_선릉,선릉,main,inner,saturday,40.81,43.25,89.59,65.21,420,22:00~22:30,64.71,0,0,22.95,57.7
2,220,2_선릉,선릉,main,inner,sunday,27.5,29.9,61.85,44.3,420,20:30~21:00,43.83,0,0,14.72,40.14
2,220,2_선릉,선릉,main,inner,weekday,49.3,46.1,101.2,86.4,429,18:00~18:30,96.85,4,120,64.08,81.65
2,220,2_선릉,선릉,main,outer,saturday,35.95,33.1,90.7,64.1,423,16:00~16:30,61.2,0,0,22.81,43.32
2,220,2_선릉,선릉,main,outer,sunday,23.98,22.6,68.3,43.45,423,13:30~14:00,44.4,0,0,14.95,28.81
2,220,2_선릉,선릉,main,outer,weekday,40.0,37.2,100.8,71.28,429,18:00~18:30,91.86,1,30,45.34,69.51
2,221,2_역삼,역삼,main,inner,saturday,41.97,44.8,91.09,67.91,420,16:30~17:00,66.5,0,0,21.59,60.39
2,221,2_역삼,역삼,main,inner,sunday,28.36,30.6,63.27,46.31,420,18:00~18:30,46.39,0,0,13.84,42.08
2,221,2_역삼,역삼,main,inner,weekday,51.66,46.2,128.6,107.4,429,18:00~18:30,123.08,4,120,45.92,103.15
2,221,2_역삼,역삼,main,outer,saturday,42.45,41.2,91.5,71.16,423,16:00~16:30,68.56,0,0,31.04,47.12
2,221,2_역삼,역삼,main,outer,sunday,27.55,27.1,70.0,47.48,423,13:30~14:00,47.76,0,0,18.68,32.0
2,221,2_역삼,역삼,main,outer,weekday,48.96,48.1,103.32,76.98,429,18:00~18:30,98.21,1,30,67.47,73.74
2,222,2_강남,강남,main,inner,saturday,45.6,49.05,89.24,75.62,420,22:00~22:30,76.79,0,0,19.04,65.37
2,222,2_강남,강남,main,inner,sunday,30.33,31.58,60.6,50.04,420,20:30~21:00,49.63,0,0,14.24,43.7
2,222,2_강남,강남,main,inner,weekday,55.95,47.2,135.7,120.36,429,18:00~18:30,130.6,9,270,35.94,115.02
2,222,2_강남,강남,main,outer,saturday,44.13,44.75,90.8,73.98,423,13:30~14:00,71.35,0,0,34.54,46.96
2,222,2_강남,강남,main,outer,sunday,28.53,28.1,72.3,48.84,423,13:30~14:00,50.0,0,0,20.65,31.75
2,222,2_강남,강남,main,outer,weekday,51.39,47.3,118.0,98.64,429,08:00~08:30,103.04,5,150,90.53,60.12
2,223,2_교대,교대,main,inner,saturday,46.84,50.99,87.9,77.51,420,22:00~22:30,80.61,1,30,19.19,67.03
2,223,2_교대,교대,main,inner,sunday,32.01,33.3,63.74,53.26,420,21:00~21:30,53.95,0,0,15.2,45.49
2,223,2_교대,교대,main,inner,weekday,57.38,45.6,143.2,126.78,429,18:00~18:30,133.15,10,300,35.32,120.37
2,223,2_교대,교대,main,outer,saturday,48.03,51.1,94.2,77.99,423,13:00~13:30,76.73,0,0,45.65,49.76
2,223,2_교대,교대,main,outer,sunday,30.36,30.9,73.9,52.3,423,13:30~14:00,52.18,0,0,24.86,34.08
2,223,2_교대,교대,main,outer,weekday,53.83,48.4,137.7,118.36,429,09:00~09:30,120.83,6,180,110.3,54.26
2,224,2_서초,서초,main,inner,saturday,46.63,50.9,88.5,78.31,420,16:00~16:30,78.35,0,0,18.02,67.75
2,224,2_서초,서초,main,inner,sunday,31.54,32.85,65.13,54.4,420,21:00~21:30,55.84,0,0,12.18,46.52
2,224,2_서초,서초,main,inner,weekday,57.14,44.5,146.2,132.51,429,18:00~18:30,140.71,10,300,29.98,124.66
2,224,2_서초,서초,main,outer,saturday,49.87,52.72,100.9,80.59,423,09:00~09:30,79.82,0,0,55.33,47.86
2,224,2_서초,서초,main,outer,sunday,32.08,31.7,73.3,54.38,423,11:30~12:00,54.67,0,0,29.33,34.3
2,224,2_서초,서초,main,outer,weekday,54.25,48.0,153.8,127.96,429,08:30~09:00,132.95,7,210,119.51,49.62
2,225,2_방배,방배,main,inner,saturday,47.12,51.65,96.1,78.81,420,16:30~17:00,79.28,0,0,17.88,68.16
2,225,2_방배,방배,main,inner,sunday,31.84,33.35,64.1,54.7,420,21:00~21:30,55.88,0,0,12.18,46.14
2,225,2_방배,방배,main,inner,weekday,57.9,45.3,155.5,136.4,429,18:00~18:30,141.21,10,300,29.03,127.88
2,225,2_방배,방배,main,outer,saturday,49.21,51.7,101.7,78.49,423,11:30~12:00,78.42,0,0,54.64,45.93
2,225,2_방배,방배,main,outer,sunday,31.3,30.2,71.9,51.99,423,11:30~12:00,51.82,0,0,30.2,32.18
2,225,2_방배,방배,main,outer,weekday,53.7,45.3,164.6,133.64,429,08:30~09:00,143.09,7,210,125.79,44.64
2,226,2_사당,사당,main,inner,saturday,46.1,51.33,99.8,79.2,420,22:00~22:30,82.95,1,30,17.23,66.73
2,226,2_사당,사당,main,inner,sunday,32.35,33.2,64.9,57.42,420,21:00~21:30,59.43,0,0,11.27,48.97
2,226,2_사당,사당,main,inner,weekday,54.11,42.5,139.5,120.55,429,18:30~19:00,123.89,8,240,30.43,113.05
2,226,2_사당,사당,main,outer,saturday,49.47,50.6,102.0,81.85,423,13:00~13:30,81.42,2,60,56.5,44.97
2,226,2_사당,사당,main,outer,sunday,31.65,30.2,79.2,53.7,423,13:00~13:30,55.43,0,0,31.35,32.0
2,226,2_사당,사당,main,outer,weekday,53.89,44.3,172.3,140.12,429,08:30~09:00,149.14,7,210,130.39,43.05
2,227,2_낙성대,낙성대,main,inner,saturday,44.37,48.65,87.0,74.5,420,22:00~22:30,76.01,0,0,17.6,63.63
2,227,2_낙성대,낙성대,main,inner,sunday,30.78,32.75,59.6,52.1,420,21:00~21:30,54.34,0,0,11.37,45.93
2,227,2_낙성대,낙성대,main,inner,weekday,51.58,41.5,124.5,110.9,429,17:30~18:00,115.95,7,210,31.62,106.2
2,227,2_낙성대,낙성대,main,outer,saturday,48.36,49.9,99.0,79.69,423,13:00~13:30,79.71,0,0,56.47,44.45
2,227,2_낙성대,낙성대,main,outer,sunday,31.9,30.3,71.1,55.68,423,13:00~13:30,53.42,0,0,33.03,30.95
2,227,2_낙성대,낙성대,main,outer,weekday,50.08,41.7,141.5,125.06,429,08:30~09:00,128.49,5,150,118.69,42.51
2,228,2_서울대입구,서울대입구,main,inner,saturday,40.75,45.4,87.7,68.35,423,16:00~16:30,69.83,0,0,16.62,57.67
2,228,2_서울대입구,서울대입구,main,inner,sunday,27.7,30.1,51.8,46.88,423,21:00~21:30,47.88,0,0,11.11,40.05
2,228,2_서울대입구,서울대입구,main,inner,weekday,47.11,39.3,113.7,99.82,429,17:30~18:00,111.03,5,150,32.28,94.37
2,228,2_서울대입구,서울대입구,main,outer,saturday,46.42,47.62,93.6,75.3,423,09:00~09:30,74.97,0,0,54.12,42.45
2,228,2_서울대입구,서울대입구,main,outer,sunday,30.78,29.68,65.9,52.1,423,10:00~10:30,49.18,0,0,31.84,30.05
2,228,2_서울대입구,서울대입구,main,outer,weekday,48.07,40.4,131.2,116.8,429,08:00~08:30,119.36,5,150,110.04,42.24
2,229,2_봉천,봉천,main,inner,saturday,40.34,45.86,83.9,64.73,420,16:00~16:30,68.73,0,0,17.45,55.29
2,229,2_봉천,봉천,main,inner,sunday,27.33,29.6,47.1,43.8,420,21:00~21:30,44.72,0,0,11.79,37.96
2,229,2_봉천,봉천,main,inner,weekday,45.78,39.4,107.6,94.28,429,17:30~18:00,104.89,4,120,36.18,88.49
2,229,2_봉천,봉천,main,outer,saturday,42.75,44.2,88.7,67.29,423,09:00~09:30,67.42,0,0,48.62,40.0
2,229,2_봉천,봉천,main,outer,sunday,28.28,28.5,58.8,46.29,423,10:00~10:30,43.61,0,0,28.23,28.85
2,229,2_봉천,봉천,main,outer,weekday,44.08,37.46,114.7,102.98,429,08:30~09:00,106.1,4,120,97.29,40.74
2,230,2_신림,신림,main,inner,saturday,37.51,40.5,70.2,57.26,420,16:00~16:30,65.54,0,0,19.79,48.3
2,230,2_신림,신림,main,inner,sunday,25.29,28.5,44.3,37.9,420,16:00~16:30,40.31,0,0,13.38,32.26
2,230,2_신림,신림,main,inner,weekday,40.92,37.22,90.7,75.92,429,17:30~18:00,88.45,1,30,43.24,72.42
2,230,2_신림,신림,main,outer,saturday,41.65,43.49,79.6,62.03,423,09:00~09:30,61.99,0,0,45.46,39.93
2,230,2_신림,신림,main,outer,sunday,27.72,28.7,61.6,43.6,423,09:30~10:00,41.0,0,0,26.36,29.17
2,230,2_신림,신림,main,outer,weekday,42.91,36.6,104.9,94.36,429,08:00~08:30,96.96,4,120,88.93,42.7
2,231,2_신대방,신대방,main,inner,saturday,38.09,40.1,68.9,59.21,420,16:00~16:30,63.5,0,0,22.42,48.06
2,231,2_신대방,신대방,main,inner,sunday,25.78,28.4,43.88,38.9,420,16:00~16:30,39.59,0,0,15.18,31.6
2,231,2_신대방,신대방,main,inner,weekday,41.01,38.6,82.8,73.32,429,17:30~18:00,81.23,1,30,50.71,68.35
2,231,2_신대방,신대방,main,outer,saturday,38.6,39.9,74.3,56.3,423,16:30~17:00,57.25,0,0,34.88,41.0
2,231,2_신대방,신대방,main,outer,sunday,25.98,28.0,52.8,38.65,423,16:30~17:00,35.75,0,0,20.77,30.09
2,231,2_신대방,신대방,main,outer,weekday,39.04,35.9,80.4,70.35,429,08:00~08:30,72.8,0,0,67.18,47.38
2,232,2_구로디지털단지,구로디지털단지,main,inner,saturday,41.08,42.8,74.9,62.84,420,16:00~16:30,67.87,0,0,26.78,49.66
2,232,2_구로디지털단지,구로디지털단지,main,inner,sunday,27.96,29.85,47.78,42.3,420,16:00~16:30,43.33,0,0,18.22,33.11
2,232,2_구로디지털단지,구로디지털단지,main,inner,weekday,44.29,41.0,92.69,81.82,429,18:00~18:30,91.36,2,60,55.33,76.37
2,232,2_구로디지털단지,구로디지털단지,main,outer,saturday,39.05,40.4,73.4,58.28,423,23:30~24:00,60.28,0,0,31.79,43.57
2,232,2_구로디지털단지,구로디지털단지,main,outer,sunday,26.54,29.3,49.8,39.09,423,23:30~24:00,38.55,0,0,19.39,32.22
2,232,2_구로디지털단지,구로디지털단지,main,outer,weekday,39.54,36.8,73.5,65.26,429,18:30~19:00,68.99,0,0,60.52,53.04
2,233,2_대림,대림,main,inner,saturday,42.12,42.4,77.5,64.11,420,05:30~06:00,66.99,0,0,29.94,48.8
2,233,2_대림,대림,main,inner,sunday,28.67,30.75,49.33,43.7,420,13:30~14:00,45.28,0,0,20.45,32.84
2,233,2_대림,대림,main,inner,weekday,45.51,41.3,106.9,88.6,429,05:30~06:00,92.57,4,120,62.81,73.66
2,233,2_대림,대림,main,outer,saturday,42.25,43.1,91.5,64.96,423,23:30~24:00,77.11,0,0,29.7,49.86
2,233,2_대림,대림,main,outer,sunday,28.72,31.9,54.51,44.39,423,23:30~24:00,48.26,0,0,18.28,36.09
2,233,2_대림,대림,main,outer,weekday,42.4,39.3,82.4,72.83,429,18:30~19:00,74.87,0,0,64.36,56.11
2,234,2_신도림,신도림,main,inner,saturday,42.2,41.9,96.1,72.19,423,13:30~14:00,71.91,0,0,35.17,47.21
2,234,2_신도림,신도림,main,inner,sunday,28.27,28.0,56.0,49.07,423,13:30~14:00,50.88,0,0,23.04,30.7
2,234,2_신도림,신도림,main,inner,weekday,42.36,40.0,135.3,90.0,429,08:00~08:30,128.33,3,90,86.73,54.65
2,234,2_신도림,신도림,main,outer,saturday,40.11,42.26,77.5,62.31,423,23:00~23:30,59.77,0,0,27.03,50.43
2,234,2_신도림,신도림,main,outer,sunday,27.53,31.19,49.44,42.19,423,21:00~21:30,42.7,0,0,16.67,35.58
2,234,2_신도림,신도림,main,outer,weekday,39.89,35.8,79.8,68.35,429,18:30~19:00,77.62,0,0,56.41,59.74
2,235,2_문래,문래,main,inner,saturday,44.73,44.16,85.3,71.74,420,13:30~14:00,70.88,0,0,33.55,53.23
2,235,2_문래,문래,main,inner,sunday,29.87,29.95,57.6,48.0,420,12:30~13:00,50.64,0,0,22.28,34.48
2,235,2_문래,문래,main,inner,weekday,44.6,41.5,126.3,84.95,429,08:00~08:30,120.94,2,60,82.97,57.14
2,235,2_문래,문래,main,outer,saturday,44.8,43.82,93.8,74.17,423,21:00~21:30,76.04,0,0,22.26,60.44
2,235,2_문래,문래,main,outer,sunday,30.52,31.9,61.79,49.99,423,21:00~21:30,56.09,0,0,14.82,41.36
2,235,2_문래,문래,main,outer,weekday,46.19,40.84,99.5,89.92,429,18:30~19:00,96.66,2,60,55.95,80.48
2,236,2_영등포구청,영등포구청,main,inner,saturday,44.53,43.5,90.7,73.33,420,12:30~13:00,74.28,0,0,32.8,53.0
2,236,2_영등포구청,영등포구청,main,inner,sunday,29.95,30.1,60.6,50.43,420,12:30~13:00,54.76,0,0,22.04,34.09
2,236,2_영등포구청,영등포구청,main,inner,weekday,43.33,41.2,121.3,79.94,429,08:00~08:30,116.52,2,60,80.46,56.25
2,236,2_영등포구청,영등포구청,main,outer,saturday,44.97,45.1,93.9,73.89,423,21:00~21:30,74.7,0,0,22.48,61.38
2,236,2_영등포구청,영등포구청,main,outer,sunday,30.57,32.3,60.84,49.6,423,21:00~21:30,55.34,0,0,14.96,41.83
2,236,2_영등포구청,영등포구청,main,outer,weekday,45.79,39.6,99.4,89.04,429,18:30~19:00,96.31,3,90,58.68,78.59
2,237,2_당산,당산,main,inner,saturday,47.77,46.7,99.0,79.9,420,12:30~13:00,81.09,1,30,33.11,57.5
2,237,2_당산,당산,main,inner,sunday,31.92,31.5,67.1,55.62,420,12:30~13:00,60.36,0,0,22.23,36.57
2,237,2_당산,당산,main,inner,weekday,44.53,43.1,118.6,80.46,429,08:00~08:30,113.95,2,60,80.5,57.96
2,237,2_당산,당산,main,outer,saturday,44.65,44.45,99.3,76.24,423,21:00~21:30,76.03,0,0,20.53,61.65
2,237,2_당산,당산,main,outer,sunday,30.62,31.7,60.2,52.28,423,21:00~21:30,54.24,0,0,13.83,42.68
2,237,2_당산,당산,main,outer,weekday,44.34,36.98,99.0,82.74,429,18:30~19:00,96.11,3,90,53.5,74.87
2,238,2_합정,합정,main,inner,saturday,41.42,41.0,81.0,68.91,420,12:30~13:00,70.21,0,0,28.4,47.67
2,238,2_합정,합정,main,inner,sunday,28.18,26.8,58.4,48.62,420,12:30~13:00,52.8,0,0,18.91,31.37
2,238,2_합정,합정,main,inner,weekday,38.93,38.6,111.3,75.1,429,08:00~08:30,107.28,2,60,74.22,44.54
2,238,2_합정,합정,main,outer,saturday,47.28,47.3,95.1,81.65,423,22:00~22:30,81.99,2,60,20.33,66.96
2,238,2_합정,합정,main,outer,sunday,32.53,33.4,66.0,56.59,423,21:00~21:30,58.85,0,0,13.85,46.39
2,238,2_합정,합정,main,outer,weekday,46.32,40.1,101.7,88.92,429,18:30~19:00,97.76,3,90,54.84,77.26
2,239,2_홍대입구,홍대입구,main,inner,saturday,41.74,44.45,83.3,62.5,423,16:30~17:00,64.52,0,0,28.84,47.83
2,239,2_홍대입구,홍대입구,main,inner,sunday,29.66,32.7,47.5,43.02,423,13:30~14:00,42.28,0,0,19.5,34.11
2,239,2_홍대입구,홍대입구,main,inner,weekday,39.89,38.4,120.5,78.6,429,08:00~08:30,117.29,2,60,78.9,39.88
2,239,2_홍대입구,홍대입구,main,outer,saturday,41.79,44.1,89.2,71.25,423,17:30~18:00,69.36,0,0,15.31,63.36
2,239,2_홍대입구,홍대입구,main,outer,sunday,28.49,30.6,53.21,48.55,423,20:30~21:00,49.32,0,0,10.64,42.55
2,239,2_홍대입구,홍대입구,main,outer,weekday,40.06,34.3,97.2,82.78,429,18:30~19:00,91.13,2,60,36.07,72.83
2,240,2_신촌,신촌,main,inner,saturday,41.56,43.37,82.8,63.51,420,16:30~17:00,65.44,0,0,26.05,47.41
2,240,2_신촌,신촌,main,inner,sunday,29.8,32.8,47.3,43.41,420,14:00~14:30,41.92,0,0,18.62,34.0
2,240,2_신촌,신촌,main,inner,weekday,39.99,38.6,120.6,78.87,429,08:00~08:30,114.33,2,60,77.24,40.06
2,240,2_신촌,신촌,main,outer,saturday,42.89,48.8,89.6,72.8,423,17:30~18:00,71.82,0,0,13.7,66.13
2,240,2_신촌,신촌,main,outer,sunday,29.24,33.5,55.0,47.89,423,15:30~16:00,48.59,0,0,9.77,43.44
2,240,2_신촌,신촌,main,outer,weekday,41.1,37.72,107.5,88.73,429,18:30~19:00,102.47,2,60,28.28,81.66
2,241,2_이대,이대,main,inner,saturday,41.81,43.4,84.0,63.6,420,16:30~17:00,66.29,0,0,25.83,48.27
2,241,2_이대,이대,main,inner,sunday,29.92,32.85,52.8,44.71,420,12:30~13:00,42.79,0,0,18.42,33.97
2,241,2_이대,이대,main,inner,weekday,40.13,38.9,118.96,80.66,429,08:00~08:30,111.98,2,60,77.12,41.64
2,241,2_이대,이대,main,outer,saturday,42.66,46.4,86.5,74.39,423,17:30~18:00,74.92,0,0,15.01,66.87
2,241,2_이대,이대,main,outer,sunday,29.07,33.0,59.0,48.2,423,15:30~16:00,51.92,0,0,9.84,43.68
2,241,2_이대,이대,main,outer,weekday,40.4,37.09,108.2,88.66,429,18:30~19:00,103.22,2,60,29.91,81.22
2,242,2_아현,아현,main,inner,saturday,42.41,43.3,86.1,66.21,420,16:30~17:00,69.68,0,0,26.36,48.83
2,242,2_아현,아현,main,inner,sunday,30.2,32.87,52.0,44.51,420,12:30~13:00,44.14,0,0,18.86,33.85
2,242,2_아현,아현,main,inner,weekday,40.7,39.0,123.32,86.6,429,08:00~08:30,115.72,2,60,79.85,41.51
2,242,2_아현,아현,main,outer,saturday,43.37,47.2,86.0,74.47,423,15:30~16:00,73.62,0,0,16.08,67.07
2,242,2_아현,아현,main,outer,sunday,29.73,33.8,60.0,48.1,423,15:30~16:00,52.61,0,0,10.78,44.22
2,242,2_아현,아현,main,outer,weekday,41.2,37.4,109.7,89.99,429,18:00~18:30,105.56,2,60,30.75,82.6
2,243,2_충정로,충정로,main,inner,saturday,42.87,44.15,86.1,66.93,420,23:00~23:30,71.93,0,0,26.22,49.81
2,243,2_충정로,충정로,main,inner,sunday,30.54,33.25,52.9,45.5,420,12:30~13:00,45.47,0,0,18.74,34.25
2,243,2_충정로,충정로,main,inner,weekday,41.55,40.0,120.43,84.18,429,08:00~08:30,114.18,2,60,78.26,45.01
2,243,2_충정로,충정로,main,outer,saturday,43.5,48.4,86.8,75.79,423,15:30~16:00,73.87,0,0,16.06,67.48
2,243,2_충정로,충정로,main,outer,sunday,29.83,33.6,60.4,49.08,423,15:30~16:00,52.98,0,0,10.64,44.41
2,243,2_충정로,충정로,main,outer,weekday,41.41,37.3,112.5,89.45,429,18:00~18:30,109.35,2,60,30.01,83.85
2,244,2_용답,용답,main,inner,saturday,14.19,15.0,32.14,26.3,420,12:30~13:00,27.67,0,0,12.33,15.11
2,244,2_용답,용답,main,inner,sunday,10.88,9.8,37.72,21.6,420,12:30~13:00,21.0,0,0,7.76,11.71
2,244,2_용답,용답,main,inner,weekday,18.07,15.5,85.3,61.4,429,08:30~09:00,79.53,0,0,53.27,17.52
2,244,2_용답,용답,main,outer,saturday,11.93,13.0,25.49,19.9,423,17:00~17:30,19.76,0,0,6.44,17.32
2,244,2_용답,용답,main,outer,sunday,9.22,10.3,19.37,14.93,423,18:00~18:30,14.01,0,0,4.75,13.15
2,244,2_용답,용답,main,outer,weekday,16.23,12.3,67.8,42.65,429,18:00~18:30,65.01,0,0,11.53,41.44
2,245,2_신답,신답,main,inner,saturday,12.76,12.6,29.3,24.4,420,12:30~13:00,23.07,0,0,10.08,14.47
2,245,2_신답,신답,main,inner,sunday,9.92,8.55,34.47,19.59,420,13:00~13:30,18.63,0,0,6.48,11.24
2,245,2_신답,신답,main,inner,weekday,16.34,14.4,68.0,51.4,429,08:00~08:30,63.03,0,0,44.55,17.06
2,245,2_신답,신답,main,outer,saturday,11.24,12.3,22.51,18.0,423,17:00~17:30,18.07,0,0,6.75,15.75
2,245,2_신답,신답,main,outer,sunday,8.68,9.6,16.18,13.6,423,18:00~18:30,12.41,0,0,5.01,11.74
2,245,2_신답,신답,main,outer,weekday,14.82,11.9,48.3,40.39,429,18:00~18:30,46.65,0,0,12.6,35.85
2,246,2_신설동,신설동,main,inner,saturday,10.8,10.37,25.24,20.6,420,16:30~17:00,20.61,0,0,8.09,13.01
2,246,2_신설동,신설동,main,inner,sunday,8.43,7.38,23.11,16.7,420,13:00~13:30,16.02,0,0,5.35,10.3
2,246,2_신설동,신설동,main,inner,weekday,13.15,11.9,51.5,37.93,429,08:00~08:30,47.1,0,0,33.1,14.77
2,246,2_신설동,신설동,main,outer,saturday,0.0,0.0,0.0,0.0,423,06:00~06:30,0.0,0,0,0.0,0.0
2,246,2_신설동,신설동,main,outer,sunday,0.0,0.0,0.0,0.0,423,07:00~07:30,0.0,0,0,0.0,0.0
2,246,2_신설동,신설동,main,outer,weekday,0.0,0.0,0.0,0.0,429,05:30~06:00,0.0,0,0,0.0,0.0
2,247,2_도림천,도림천,main,inner,saturday,19.72,20.0,39.99,34.5,420,17:30~18:00,35.88,0,0,9.32,31.46
2,247,2_도림천,도림천,main,inner,sunday,14.31,15.0,32.8,25.15,420,17:30~18:00,27.18,0,0,6.0,24.11
2,247,2_도림천,도림천,main,inner,weekday,27.87,22.0,107.5,79.18,429,18:30~19:00,103.25,2,60,22.79,73.24
2,247,2_도림천,도림천,main,outer,saturday,19.56,21.4,48.93,32.3,423,12:00~12:30,34.6,0,0,21.88,17.73
2,247,2_도림천,도림천,main,outer,sunday,13.95,13.6,35.8,24.39,423,10:30~11:00,23.3,0,0,14.62,13.01
2,247,2_도림천,도림천,main,outer,weekday,28.17,20.3,123.6,97.1,429,08:00~08:30,113.63,3,90,85.95,28.65
2,248,2_양천구청,양천구청,main,inner,saturday,16.29,16.7,32.8,27.5,420,17:30~18:00,29.31,0,0,8.21,25.4
2,248,2_양천구청,양천구청,main,inner,sunday,11.76,11.9,25.4,20.3,420,17:30~18:00,21.89,0,0,5.17,19.33
2,248,2_양천구청,양천구청,main,inner,weekday,23.06,18.2,85.1,61.18,429,18:30~19:00,81.53,1,30,22.76,57.97
2,248,2_양천구청,양천구청,main,outer,saturday,19.2,20.8,48.22,31.8,423,12:00~12:30,33.87,0,0,21.62,17.35
2,248,2_양천구청,양천구청,main,outer,sunday,13.74,13.5,35.5,23.88,423,10:30~11:00,22.68,0,0,14.53,12.84
2,248,2_양천구청,양천구청,main,outer,weekday,27.81,19.8,123.5,97.29,429,08:00~08:30,113.65,3,90,85.76,28.09
2,249,2_신정네거리,신정네거리,main,inner,saturday,11.73,12.3,21.1,17.91,420,17:30~18:00,18.93,0,0,7.3,16.22
2,249,2_신정네거리,신정네거리,main,inner,sunday,8.58,9.1,16.3,13.7,420,17:30~18:00,13.89,0,0,4.64,12.57
2,249,2_신정네거리,신정네거리,main,inner,weekday,16.65,13.2,53.6,39.79,429,18:30~19:00,50.1,0,0,24.05,36.34
2,249,2_신정네거리,신정네거리,main,outer,saturday,15.83,17.5,27.0,24.99,423,12:00~12:30,25.15,0,0,17.48,14.8
2,249,2_신정네거리,신정네거리,main,outer,sunday,11.27,11.4,20.6,18.47,423,09:30~10:00,18.17,0,0,11.77,10.71
2,249,2_신정네거리,신정네거리,main,outer,weekday,22.43,16.4,96.1,73.06,429,08:00~08:30,89.83,2,60,64.64,26.7
2,250,2_용두,용두,main,inner,saturday,12.2,11.55,26.4,23.3,420,16:30~17:00,22.19,0,0,9.37,14.28
2,250,2_용두,용두,main,inner,sunday,9.51,8.25,31.06,18.8,420,13:00~13:30,17.54,0,0,6.25,11.21
2,250,2_용두,용두,main,inner,weekday,15.1,13.7,58.2,43.68,429,08:00~08:30,54.07,0,0,38.17,17.35
2,250,2_용두,용두,main,outer,saturday,9.92,10.9,20.2,15.79,423,17:00~17:30,15.74,0,0,5.94,14.1
2,250,2_용두,용두,main,outer,sunday,7.76,8.7,14.5,12.0,423,18:00~18:30,10.9,0,0,4.69,10.41
2,250,2_용두,용두,main,outer,weekday,12.85,10.2,44.7,34.53,429,18:00~18:30,42.59,0,0,11.26,31.17
2,260,2_까치산,까치산,main,inner,saturday,0.0,0.0,0.0,0.0,420,18:00~18:30,0.0,0,0,0.0,0.0
2,260,2_까치산,까치산,main,inner,sunday,0.0,0.0,0.0,0.0,420,22:30~23:00,0.0,0,0,0.0,0.0
2,260,2_까치산,까치산,main,inner,weekday,0.0,0.0,0.0,0.0,429,18:30~19:00,0.0,0,0,0.0,0.0
2,260,2_까치산,까치산,main,outer,saturday,11.52,12.7,19.7,17.0,423,16:30~17:00,17.62,0,0,11.17,12.78
2,260,2_까치산,까치산,main,outer,sunday,8.35,8.8,13.7,12.6,423,09:30~10:00,12.03,0,0,7.84,9.24
2,260,2_까치산,까치산,main,outer,weekday,17.14,12.27,61.4,47.66,429,07:30~08:00,57.24,0,0,42.08,27.6
2,9001,2_성수@seongsu_branch_east,성수,seongsu_branch_east,inner,saturday,0.0,0.0,0.0,0.0,309,20:30~21:00,0.0,0,0,0.0,0.0
2,9001,2_성수@seongsu_branch_east,성수,seongsu_branch_east,inner,sunday,0.0,0.0,0.0,0.0,309,24:30~25:00,0.0,0,0,0.0,0.0
2,9001,2_성수@seongsu_branch_east,성수,seongsu_branch_east,inner,weekday,0.0,0.0,0.0,0.0,312,22:30~23:00,0.0,0,0,0.0,0.0
2,9001,2_성수@seongsu_branch_east,성수,seongsu_branch_east,outer,saturday,34.26,37.5,69.8,57.9,309,17:00~17:30,59.82,0,0,17.47,50.88
2,9001,2_성수@seongsu_branch_east,성수,seongsu_branch_east,outer,sunday,25.19,28.2,49.31,42.52,309,17:00~17:30,40.4,0,0,11.93,36.69
2,9001,2_성수@seongsu_branch_east,성수,seongsu_branch_east,outer,weekday,32.55,31.85,65.34,56.74,312,18:00~18:30,61.17,0,0,41.48,49.44
2,9002,2_성수@seongsu_branch,성수,seongsu_branch,inner,saturday,0.0,0.0,0.0,0.0,347,23:30~24:00,0.0,0,0,0.0,0.0
2,9002,2_성수@seongsu_branch,성수,seongsu_branch,inner,sunday,0.0,0.0,0.0,0.0,347,22:00~22:30,0.0,0,0,0.0,0.0
2,9002,2_성수@seongsu_branch,성수,seongsu_branch,inner,weekday,0.0,0.0,0.0,0.0,351,05:30~06:00,0.0,0,0,0.0,0.0
2,9002,2_성수@seongsu_branch,성수,seongsu_branch,outer,saturday,13.23,13.8,28.68,22.9,347,17:00~17:30,22.39,0,0,6.0,20.22
2,9002,2_성수@seongsu_branch,성수,seongsu_branch,outer,sunday,10.46,10.9,22.19,18.26,347,21:00~21:30,17.65,0,0,4.56,15.71
2,9002,2_성수@seongsu_branch,성수,seongsu_branch,outer,weekday,18.09,12.7,75.49,48.31,351,18:00~18:30,72.84,0,0,11.35,46.45
2,9003,2_신도림@sinjeong_branch,신도림,sinjeong_branch,inner,saturday,20.07,20.85,42.63,33.88,344,17:30~18:00,34.42,0,0,9.7,31.1
2,9003,2_신도림@sinjeong_branch,신도림,sinjeong_branch,inner,sunday,14.55,15.1,29.4,24.98,344,17:00~17:30,25.3,0,0,6.77,23.72
2,9003,2_신도림@sinjeong_branch,신도림,sinjeong_branch,inner,weekday,28.32,22.2,104.7,77.21,351,18:30~19:00,100.47,2,60,23.61,74.69
2,9003,2_신도림@sinjeong_branch,신도림,sinjeong_branch,outer,saturday,0.0,0.0,0.0,0.0,347,05:30~06:00,0.0,0,0,0.0,0.0
2,9003,2_신도림@sinjeong_branch,신도림,sinjeong_branch,outer,sunday,0.0,0.0,0.0,0.0,347,05:30~06:00,0.0,0,0,0.0,0.0
2,9003,2_신도림@sinjeong_branch,신도림,sinjeong_branch,outer,weekday,0.0,0.0,0.0,0.0,351,05:30~06:00,0.0,0,0,0.0,0.0
3,309,3_지축,지축,main,down,saturday,31.8,35.53,64.3,53.2,423,12:00~12:30,56.69,0,0,35.15,30.14
3,309,3_지축,지축,main,down,sunday,22.5,23.5,46.8,38.39,423,12:00~12:30,39.03,0,0,22.61,22.2
3,309,3_지축,지축,main,down,weekday,32.09,27.7,115.5,88.56,429,08:00~08:30,106.45,3,90,86.89,25.94
3,309,3_지축,지축,main,up,saturday,30.5,31.95,65.5,53.31,420,17:00~17:30,55.34,0,0,14.67,46.44
3,309,3_지축,지축,main,up,sunday,21.57,21.6,44.0,39.11,420,18:30~19:00,39.58,0,0,10.22,32.93
3,309,3_지축,지축,main,up,weekday,32.99,28.9,113.8,88.99,426,18:00~18:30,107.91,3,90,17.93,78.76
3,310,3_구파발,구파발,main,down,saturday,21.78,22.8,46.19,39.8,423,11:00~11:30,41.62,0,0,25.75,21.16
3,310,3_구파발,구파발,main,down,sunday,15.49,16.3,32.8,27.37,423,10:30~11:00,28.41,0,0,16.25,15.66
3,310,3_구파발,구파발,main,down,weekday,25.68,23.7,90.3,62.66,429,08:00~08:30,81.58,1,30,60.94,18.1
3,310,3_구파발,구파발,main,up,saturday,17.76,17.7,43.2,33.29,423,18:30~19:00,35.6,0,0,8.56,28.06
3,310,3_구파발,구파발,main,up,sunday,12.6,12.5,29.2,23.68,423,18:30~19:00,26.33,0,0,6.16,19.93
3,310,3_구파발,구파발,main,up,weekday,22.03,21.3,65.4,53.46,429,18:00~18:30,57.27,0,0,10.27,52.07
3,311,3_연신내,연신내,main,down,saturday,23.23,24.8,50.3,40.72,423,11:00~11:30,46.6,0,0,27.9,20.11
3,311,3_연신내,연신내,main,down,sunday,16.3,17.1,36.5,29.33,423,10:30~11:00,32.13,0,0,17.35,14.82
3,311,3_연신내,연신내,main,down,weekday,27.45,24.89,98.0,71.56,429,08:00~08:30,89.06,1,30,69.41,16.36
3,311,3_연신내,연신내,main,up,saturday,22.27,23.3,42.9,36.7,423,18:30~19:00,36.4,0,0,11.28,33.55
3,311,3_연신내,연신내,main,up,sunday,15.73,16.5,29.7,25.59,423,18:30~19:00,26.94,0,0,8.12,24.01
3,311,3_연신내,연신내,main,up,weekday,27.3,24.0,80.1,67.01,429,18:30~19:00,74.75,0,0,12.79,62.26
3,312,3_불광,불광,main,down,saturday,27.17,29.6,58.8,47.0,423,11:00~11:30,54.15,0,0,33.21,23.25
3,312,3_불광,불광,main,down,sunday,19.0,19.5,40.8,34.28,423,10:30~11:00,36.64,0,0,20.67,17.07
3,312,3_불광,불광,main,down,weekday,32.0,28.71,118.1,86.98,429,08:00~08:30,108.27,2,60,81.94,19.56
3,312,3_불광,불광,main,up,saturday,27.19,27.8,55.0,45.99,423,18:30~19:00,45.54,0,0,12.86,42.71
3,312,3_불광,불광,main,up,sunday,18.97,19.7,36.4,31.77,423,18:30~19:00,33.59,0,0,9.18,30.01
3,312,3_불광,불광,main,up,weekday,33.92,29.05,101.3,86.82,429,18:30~19:00,97.19,3,90,14.16,80.62
3,313,3_녹번,녹번,main,down,saturday,29.12,31.7,66.0,50.49,423,11:00~11:30,62.45,0,0,37.1,23.96
3,313,3_녹번,녹번,main,down,sunday,20.26,20.2,46.2,37.5,423,11:00~11:30,40.68,0,0,23.04,17.28
3,313,3_녹번,녹번,main,down,weekday,34.93,30.1,140.4,97.78,429,08:00~08:30,123.18,3,90,93.4,20.08
3,313,3_녹번,녹번,main,up,saturday,27.4,27.74,58.3,47.7,420,18:30~19:00,46.96,0,0,12.56,44.05
3,313,3_녹번,녹번,main,up,sunday,19.06,19.62,38.9,32.7,420,18:30~19:00,34.69,0,0,8.99,30.69
3,313,3_녹번,녹번,main,up,weekday,34.06,29.0,101.1,88.5,429,18:30~19:00,96.2,3,90,12.96,81.89
3,314,3_홍제,홍제,main,down,saturday,31.69,34.1,73.4,55.83,423,11:00~11:30,68.43,0,0,40.11,26.4
3,314,3_홍제,홍제,main,down,sunday,21.9,22.3,50.5,40.51,423,11:00~11:30,44.58,0,0,24.65,18.62
3,314,3_홍제,홍제,main,down,weekday,37.55,30.6,153.8,104.26,429,08:00~08:30,136.34,4,120,101.04,21.25
3,314,3_홍제,홍제,main,up,saturday,28.91,28.82,64.8,52.0,420,18:30~19:00,51.33,0,0,12.77,47.73
3,314,3_홍제,홍제,main,up,sunday,20.11,20.45,43.4,35.4,420,18:30~19:00,38.06,0,0,9.21,33.3
3,314,3_홍제,홍제,main,up,weekday,37.16,30.2,114.5,95.04,429,18:00~18:30,105.37,4,120,12.4,92.81
3,315,3_무악재,무악재,main,down,saturday,32.3,34.7,75.3,57.12,423,11:00~11:30,69.88,0,0,40.98,26.75
3,315,3_무악재,무악재,main,down,sunday,22.3,22.2,51.8,41.52,423,11:00~11:30,45.69,0,0,25.31,18.78
3,315,3_무악재,무악재,main,down,weekday,38.46,32.0,154.6,110.62,429,08:00~08:30,135.49,5,150,104.28,21.41
3,315,3_무악재,무악재,main,up,saturday,31.3,30.15,72.0,56.26,420,18:30~19:00,55.94,0,0,13.45,51.57
3,315,3_무악재,무악재,main,up,sunday,21.74,21.86,45.6,39.2,420,18:30~19:00,41.07,0,0,9.87,36.16
3,315,3_무악재,무악재,main,up,weekday,39.66,31.3,123.7,104.14,429,18:00~18:30,113.63,5,150,12.5,99.67
3,316,3_독립문,독립문,main,down,saturday,32.95,35.4,70.8,59.16,423,11:00~11:30,65.1,0,0,40.51,28.14
3,316,3_독립문,독립문,main,down,sunday,22.74,23.2,48.4,42.2,423,11:00~11:30,43.16,0,0,25.12,19.35
3,316,3_독립문,독립문,main,down,weekday,38.71,32.65,154.8,109.94,429,08:00~08:30,135.64,5,150,104.19,22.12
3,316,3_독립문,독립문,main,up,saturday,31.67,30.6,74.2,57.56,423,18:30~19:00,56.81,0,0,13.58,52.97
3,316,3_독립문,독립문,main,up,sunday,21.98,22.0,44.9,40.1,423,18:30~19:00,41.47,0,0,9.93,37.12
3,316,3_독립문,독립문,main,up,weekday,40.52,31.9,125.8,106.4,429,18:00~18:30,115.74,5,150,12.64,101.81
3,317,3_경복궁,경복궁,main,down,saturday,38.96,44.8,74.1,65.67,423,11:00~11:30,64.46,0,0,39.31,43.48
3,317,3_경복궁,경복궁,main,down,sunday,26.3,27.7,49.0,45.48,423,10:30~11:00,43.94,0,0,23.95,28.0
3,317,3_경복궁,경복궁,main,down,weekday,43.39,42.1,147.6,106.1,429,08:00~08:30,128.21,4,120,99.72,34.13
3,317,3_경복궁,경복궁,main,up,saturday,33.01,32.0,76.4,58.75,423,18:30~19:00,57.94,0,0,14.76,54.06
3,317,3_경복궁,경복궁,main,up,sunday,22.86,23.0,45.9,40.88,423,18:30~19:00,42.35,0,0,10.86,37.85
3,317,3_경복궁,경복궁,main,up,weekday,41.39,33.4,124.7,106.82,429,18:00~18:30,118.79,5,150,13.41,103.56
3,318,3_안국,안국,main,down,saturday,43.83,48.0,96.5,75.39,423,16:30~17:00,76.93,0,0,38.22,58.06
3,318,3_안국,안국,main,down,sunday,29.44,32.2,59.4,49.66,423,16:30~17:00,47.71,0,0,23.4,37.28
3,318,3_안국,안국,main,down,weekday,47.38,49.2,139.3,95.3,429,08:00~08:30,120.51,3,90,91.6,48.57
3,318,3_안국,안국,main,up,saturday,39.02,42.05,88.6,65.4,420,17:00~17:30,65.63,0,0,19.81,57.63
3,318,3_안국,안국,main,up,sunday,26.93,29.9,45.4,42.3,420,18:00~18:30,41.98,0,0,14.74,38.85
3,318,3_안국,안국,main,up,weekday,45.2,38.77,120.6,106.12,429,18:00~18:30,113.19,5,150,23.32,102.4
3,319,3_종로3가,종로3가,main,down,saturday,35.83,38.9,79.1,61.94,423,16:30~17:00,62.56,0,0,30.02,48.7
3,319,3_종로3가,종로3가,main,down,sunday,23.82,26.5,48.2,40.38,423,16:30~17:00,39.14,0,0,18.2,31.24
3,319,3_종로3가,종로3가,main,down,weekday,40.2,40.95,104.3,76.34,429,08:00~08:30,92.82,2,60,73.53,44.32
3,319,3_종로3가,종로3가,main,up,saturday,44.54,47.6,108.7,72.41,420,16:00~16:30,70.75,0,0,24.4,59.59
3,319,3_종로3가,종로3가,main,up,sunday,30.45,34.15,51.8,46.6,420,15:30~16:00,44.11,0,0,18.27,39.08
3,319,3_종로3가,종로3가,main,up,weekday,48.38,43.6,113.2,101.36,429,18:00~18:30,109.43,4,120,35.46,97.68
3,320,3_을지로3가,을지로3가,main,down,saturday,33.08,36.0,74.1,56.55,423,16:30~17:00,59.04,0,0,26.34,45.26
3,320,3_을지로3가,을지로3가,main,down,sunday,21.79,23.8,43.6,36.28,423,16:30~17:00,36.03,0,0,15.55,29.24
3,320,3_을지로3가,을지로3가,main,down,weekday,37.95,38.61,80.5,68.14,429,08:00~08:30,72.12,0,0,57.92,48.64
3,320,3_을지로3가,을지로3가,main,up,saturday,35.75,38.0,86.2,59.3,420,17:00~17:30,58.41,0,0,18.1,49.39
3,320,3_을지로3가,을지로3가,main,up,sunday,23.8,26.8,40.9,36.5,420,13:30~14:00,35.28,0,0,13.53,30.86
3,320,3_을지로3가,을지로3가,main,up,weekday,39.92,37.0,93.4,83.8,429,18:00~18:30,90.49,3,90,30.24,79.9
3,321,3_충무로,충무로,main,down,saturday,34.64,38.7,70.1,54.4,423,16:30~17:00,56.84,0,0,31.72,44.08
3,321,3_충무로,충무로,main,down,sunday,22.7,24.6,44.8,36.31,423,16:00~16:30,36.18,0,0,17.59,29.3
3,321,3_충무로,충무로,main,down,weekday,41.28,42.3,88.2,73.26,429,08:00~08:30,78.31,0,0,64.52,52.22
3,321,3_충무로,충무로,main,up,saturday,33.15,34.6,76.9,56.9,420,17:00~17:30,56.15,0,0,16.46,47.05
3,321,3_충무로,충무로,main,up,sunday,21.61,24.28,37.8,33.5,420,13:30~14:00,32.76,0,0,11.96,29.02
3,321,3_충무로,충무로,main,up,weekday,37.1,35.4,77.9,73.69,429,18:30~19:00,74.71,0,0,34.25,69.52
3,322,3_동대입구,동대입구,main,down,saturday,33.69,36.4,69.6,54.44,423,16:30~17:00,55.41,0,0,29.11,44.07
3,322,3_동대입구,동대입구,main,down,sunday,22.01,23.7,43.8,36.19,423,16:00~16:30,36.22,0,0,15.51,29.81
3,322,3_동대입구,동대입구,main,down,weekday,40.55,40.7,85.0,72.42,429,16:00~16:30,75.27,0,0,60.85,53.56
3,322,3_동대입구,동대입구,main,up,saturday,34.3,35.8,69.6,58.8,420,16:30~17:00,57.63,0,0,15.73,49.45
3,322,3_동대입구,동대입구,main,up,sunday,22.26,25.0,42.3,35.4,420,18:00~18:30,35.56,0,0,10.67,31.64
3,322,3_동대입구,동대입구,main,up,weekday,40.1,38.5,88.3,79.19,429,18:30~19:00,85.28,2,60,35.75,77.02
3,323,3_약수,약수,main,down,saturday,37.37,41.0,74.1,57.3,423,16:30~17:00,60.84,0,0,33.39,47.43
3,323,3_약수,약수,main,down,sunday,24.48,26.5,46.1,39.09,423,16:30~17:00,38.78,0,0,17.8,32.18
3,323,3_약수,약수,main,down,weekday,45.03,45.2,102.0,76.02,429,08:00~08:30,90.27,1,30,73.4,56.2
3,323,3_약수,약수,main,up,saturday,33.72,33.8,68.5,57.3,420,16:30~17:00,56.41,0,0,16.79,46.73
3,323,3_약수,약수,main,up,sunday,21.87,24.7,38.77,34.1,420,20:30~21:00,34.8,0,0,11.41,29.17
3,323,3_약수,약수,main,up,weekday,39.22,37.6,86.7,74.76,429,18:30~19:00,83.59,1,30,38.12,73.49
3,324,3_금호,금호,main,down,saturday,37.26,40.6,74.0,58.15,423,16:30~17:00,58.74,0,0,33.48,46.89
3,324,3_금호,금호,main,down,sunday,24.34,26.5,43.9,38.65,423,16:30~17:00,38.35,0,0,17.85,31.78
3,324,3_금호,금호,main,down,weekday,44.98,45.3,105.1,76.36,429,08:00~08:30,93.01,1,30,75.21,54.68
3,324,3_금호,금호,main,up,saturday,37.48,37.85,74.1,64.3,420,16:30~17:00,63.43,0,0,17.85,53.09
3,324,3_금호,금호,main,up,sunday,24.24,27.6,42.42,37.9,420,20:30~21:00,38.89,0,0,11.78,33.21
3,324,3_금호,금호,main,up,weekday,44.04,42.0,98.2,89.7,429,18:30~19:00,96.08,4,120,39.06,86.62
3,325,3_옥수,옥수,main,down,saturday,39.93,44.2,76.9,61.89,423,16:30~17:00,62.22,0,0,37.15,48.9
3,325,3_옥수,옥수,main,down,sunday,26.05,28.7,46.1,40.7,423,16:30~17:00,40.39,0,0,19.59,33.37
3,325,3_옥수,옥수,main,down,weekday,48.09,48.4,107.9,86.1,429,08:00~08:30,101.47,3,90,83.69,56.01
3,325,3_옥수,옥수,main,up,saturday,37.49,38.24,79.0,64.6,420,16:30~17:00,64.14,0,0,17.75,52.92
3,325,3_옥수,옥수,main,up,sunday,24.27,27.65,43.34,38.2,420,20:30~21:00,39.83,0,0,11.63,33.72
3,325,3_옥수,옥수,main,up,weekday,44.01,41.9,100.5,92.22,429,18:30~19:00,98.3,4,120,36.93,88.47
3,326,3_압구정,압구정,main,down,saturday,38.8,42.4,77.1,63.58,423,16:30~17:00,63.52,0,0,30.45,51.59
3,326,3_압구정,압구정,main,down,sunday,25.4,27.2,46.4,41.38,423,16:30~17:00,40.89,0,0,16.61,35.01
3,326,3_압구정,압구정,main,down,weekday,46.49,46.1,95.1,79.16,429,08:00~08:30,90.03,2,60,73.15,60.52
3,326,3_압구정,압구정,main,up,saturday,40.11,42.4,83.2,70.1,423,16:00~16:30,69.47,0,0,18.41,58.08
3,326,3_압구정,압구정,main,up,sunday,26.02,29.7,49.18,41.49,423,20:30~21:00,45.3,0,0,11.96,37.42
3,326,3_압구정,압구정,main,up,weekday,47.71,44.9,112.4,104.9,429,18:00~18:30,110.31,5,150,36.28,98.46
3,327,3_신사,신사,main,down,saturday,33.09,33.8,65.4,54.5,423,16:00~16:30,55.39,0,0,23.68,44.58
3,327,3_신사,신사,main,down,sunday,22.02,23.5,40.8,35.92,423,16:00~16:30,35.54,0,0,13.7,30.77
3,327,3_신사,신사,main,down,weekday,39.69,40.0,76.0,68.02,429,18:00~18:30,72.17,0,0,55.34,54.99
3,327,3_신사,신사,main,up,saturday,39.79,40.82,78.6,65.61,420,16:30~17:00,65.95,0,0,23.13,53.24
3,327,3_신사,신사,main,up,sunday,25.7,29.05,42.4,39.0,420,18:00~18:30,39.52,0,0,14.27,34.7
3,327,3_신사,신사,main,up,weekday,46.75,45.7,108.1,94.0,429,18:00~18:30,104.03,4,120,42.9,90.07
3,328,3_잠원,잠원,main,down,saturday,33.27,33.9,65.7,54.87,423,16:00~16:30,55.96,0,0,23.91,44.64
3,328,3_잠원,잠원,main,down,sunday,22.12,23.6,40.7,35.99,423,16:00~16:30,35.7,0,0,13.85,30.76
3,328,3_잠원,잠원,main,down,weekday,39.96,40.08,76.0,68.62,429,08:00~08:30,71.07,0,0,56.99,54.45
3,328,3_잠원,잠원,main,up,saturday,34.76,37.95,65.3,56.2,420,16:30~17:00,57.26,0,0,23.14,45.54
3,328,3_잠원,잠원,main,up,sunday,22.42,25.45,37.8,34.5,420,18:00~18:30,35.19,0,0,12.4,30.61
3,328,3_잠원,잠원,main,up,weekday,40.66,40.7,86.7,75.88,429,18:00~18:30,82.87,1,30,43.94,72.32
3,329,3_고속터미널,고속터미널,main,down,saturday,33.84,35.6,64.5,53.85,423,16:30~17:00,56.96,0,0,25.8,44.29
3,329,3_고속터미널,고속터미널,main,down,sunday,23.04,24.8,41.2,35.99,423,16:30~17:00,37.09,0,0,14.88,32.18
3,329,3_고속터미널,고속터미널,main,down,weekday,44.0,41.68,109.1,84.04,429,08:30~09:00,95.28,2,60,75.42,55.01
3,329,3_고속터미널,고속터미널,main,up,saturday,34.88,38.15,64.9,56.2,420,16:30~17:00,57.19,0,0,23.24,45.83
3,329,3_고속터미널,고속터미널,main,up,sunday,22.52,25.57,38.5,34.6,420,18:00~18:30,35.84,0,0,12.37,31.01
3,329,3_고속터미널,고속터미널,main,up,weekday,40.85,40.6,87.6,75.66,429,18:00~18:30,84.96,1,30,43.25,72.78
3,330,3_교대,교대,main,down,saturday,28.21,29.5,52.3,44.37,423,16:30~17:00,44.75,0,0,23.69,35.39
3,330,3_교대,교대,main,down,sunday,19.4,20.56,35.9,29.9,423,16:30~17:00,30.07,0,0,13.55,26.9
3,330,3_교대,교대,main,down,weekday,36.96,34.74,92.6,69.0,429,08:00~08:30,84.18,1,30,64.07,47.49
3,330,3_교대,교대,main,up,saturday,35.33,36.4,68.3,58.22,420,16:30~17:00,58.65,0,0,23.26,47.6
3,330,3_교대,교대,main,up,sunday,22.53,24.3,41.4,36.5,420,18:00~18:30,37.24,0,0,12.75,31.25
3,330,3_교대,교대,main,up,weekday,45.48,43.3,114.7,90.7,429,18:00~18:30,110.21,4,120,43.09,89.02
3,331,3_남부터미널,남부터미널,main,down,saturday,23.05,23.8,43.3,36.47,423,16:30~17:00,37.12,0,0,18.68,30.3
3,331,3_남부터미널,남부터미널,main,down,sunday,15.62,16.93,26.8,23.9,423,16:30~17:00,23.93,0,0,11.15,21.79
3,331,3_남부터미널,남부터미널,main,down,weekday,31.71,29.4,68.3,56.46,429,08:00~08:30,63.78,0,0,50.23,45.17
3,331,3_남부터미널,남부터미널,main,up,saturday,28.85,29.45,56.7,48.0,420,16:00~16:30,47.45,0,0,19.22,38.62
3,331,3_남부터미널,남부터미널,main,up,sunday,18.65,20.0,33.19,30.3,420,18:00~18:30,30.26,0,0,11.3,25.38
3,331,3_남부터미널,남부터미널,main,up,weekday,37.29,36.0,91.4,73.84,429,18:00~18:30,90.24,1,30,40.29,72.05
3,332,3_양재,양재,main,down,saturday,18.02,18.5,34.6,28.35,423,17:30~18:00,28.79,0,0,13.25,24.93
3,332,3_양재,양재,main,down,sunday,12.16,12.8,22.3,19.31,423,17:30~18:00,20.04,0,0,7.66,17.9
3,332,3_양재,양재,main,down,weekday,25.03,23.5,57.3,48.08,429,18:00~18:30,54.19,0,0,28.39,43.61
3,332,3_양재,양재,main,up,saturday,23.61,23.93,45.1,38.71,420,13:00~13:30,37.77,0,0,17.97,29.22
3,332,3_양재,양재,main,up,sunday,15.08,15.55,27.7,24.39,420,13:00~13:30,25.35,0,0,10.4,18.95
3,332,3_양재,양재,main,up,weekday,32.0,31.4,73.0,57.78,429,18:00~18:30,70.25,0,0,41.64,56.64
3,333,3_매봉,매봉,main,down,saturday,17.21,17.5,32.4,27.35,423,17:30~18:00,27.42,0,0,12.06,23.97
3,333,3_매봉,매봉,main,down,sunday,11.62,12.2,21.1,18.54,423,17:30~18:00,19.17,0,0,7.12,17.21
3,333,3_매봉,매봉,main,down,weekday,23.86,22.3,56.9,48.34,429,18:00~18:30,54.74,0,0,23.61,44.26
3,333,3_매봉,매봉,main,up,saturday,18.89,21.55,37.4,31.42,420,13:00~13:30,31.31,0,0,16.85,21.75
3,333,3_매봉,매봉,main,up,sunday,12.17,13.05,24.0,20.11,420,12:30~13:00,21.75,0,0,9.81,13.7
3,333,3_매봉,매봉,main,up,weekday,25.14,25.4,58.7,47.28,429,08:30~09:00,56.03,0,0,44.49,34.63
3,334,3_도곡,도곡,main,down,saturday,14.55,15.01,27.9,23.2,423,17:30~18:00,23.56,0,0,10.12,20.51
3,334,3_도곡,도곡,main,down,sunday,9.89,10.6,18.0,15.99,423,17:30~18:00,16.4,0,0,5.97,14.7
3,334,3_도곡,도곡,main,down,weekday,20.71,19.3,47.6,42.73,429,18:00~18:30,45.01,0,0,20.74,37.81
3,334,3_도곡,도곡,main,up,saturday,18.02,20.46,36.7,30.31,420,12:30~13:00,30.32,0,0,16.52,20.62
3,334,3_도곡,도곡,main,up,sunday,11.63,12.65,23.4,19.41,420,12:30~13:00,21.21,0,0,9.5,13.06
3,334,3_도곡,도곡,main,up,weekday,23.53,24.2,63.5,48.12,429,08:30~09:00,59.94,0,0,45.11,29.37
3,335,3_대치,대치,main,down,saturday,13.12,13.6,27.2,21.32,423,17:00~17:30,23.43,0,0,7.93,19.41
3,335,3_대치,대치,main,down,sunday,8.98,9.5,17.3,15.1,423,17:00~17:30,15.7,0,0,5.01,13.86
3,335,3_대치,대치,main,down,weekday,18.62,17.6,44.0,38.51,429,18:00~18:30,42.05,0,0,18.71,34.19
3,335,3_대치,대치,main,up,saturday,15.26,17.23,31.6,25.82,420,12:30~13:00,25.81,0,0,14.38,17.24
3,335,3_대치,대치,main,up,sunday,9.88,10.7,20.4,16.8,420,12:30~13:00,18.1,0,0,8.34,10.97
3,335,3_대치,대치,main,up,weekday,20.22,20.8,53.4,43.85,429,08:30~09:00,50.2,0,0,40.0,24.97
3,336,3_학여울,학여울,main,down,saturday,12.63,13.0,26.97,21.2,423,17:00~17:30,23.42,0,0,7.44,19.41
3,336,3_학여울,학여울,main,down,sunday,8.71,8.9,17.3,15.0,423,17:00~17:30,15.75,0,0,4.79,13.78
3,336,3_학여울,학여울,main,down,weekday,18.31,17.32,44.4,37.6,429,18:00~18:30,40.01,0,0,18.55,33.96
3,336,3_학여울,학여울,main,up,saturday,13.45,15.0,29.2,23.2,420,12:30~13:00,23.89,0,0,13.69,14.1
3,336,3_학여울,학여울,main,up,sunday,8.73,9.5,19.0,15.3,420,12:30~13:00,16.57,0,0,7.79,9.13
3,336,3_학여울,학여울,main,up,weekday,18.25,19.2,50.5,40.44,429,08:30~09:00,47.55,0,0,36.43,22.86
3,337,3_대청,대청,main,down,saturday,11.61,11.54,24.62,19.19,423,17:00~17:30,21.41,0,0,7.1,17.42
3,337,3_대청,대청,main,down,sunday,7.98,8.07,15.6,13.2,423,17:00~17:30,14.27,0,0,4.66,12.22
3,337,3_대청,대청,main,down,weekday,16.59,15.54,40.51,34.72,429,18:00~18:30,37.81,0,0,16.86,31.42
3,337,3_대청,대청,main,up,saturday,12.96,14.15,26.6,22.4,420,13:00~13:30,22.62,0,0,14.16,12.67
3,337,3_대청,대청,main,up,sunday,8.46,9.05,17.3,15.1,420,12:30~13:00,15.13,0,0,8.14,8.49
3,337,3_대청,대청,main,up,weekday,17.98,18.5,48.5,40.88,429,08:00~08:30,45.8,0,0,36.56,21.93
3,338,3_일원,일원,main,down,saturday,10.64,10.8,20.76,18.06,423,18:00~18:30,18.0,0,0,6.18,15.95
3,338,3_일원,일원,main,down,sunday,7.37,7.6,14.16,12.23,423,17:30~18:00,12.48,0,0,4.08,11.28
3,338,3_일원,일원,main,down,weekday,14.87,13.63,39.5,32.9,429,18:30~19:00,37.11,0,0,14.0,30.39
3,338,3_일원,일원,main,up,saturday,11.7,12.65,22.9,19.81,420,13:00~13:30,20.1,0,0,12.52,11.58
3,338,3_일원,일원,main,up,sunday,7.68,8.2,15.4,13.3,420,12:30~13:00,13.51,0,0,7.09,8.01
3,338,3_일원,일원,main,up,weekday,16.11,16.7,43.1,37.09,429,08:30~09:00,41.7,0,0,33.11,19.22
3,339,3_수서,수서,main,down,saturday,9.89,10.0,18.6,17.0,423,16:30~17:00,16.36,0,0,5.89,14.15
3,339,3_수서,수서,main,down,sunday,7.15,7.5,13.2,11.5,423,16:00~16:30,11.79,0,0,3.73,10.26
3,339,3_수서,수서,main,down,weekday,14.02,12.8,39.1,32.49,429,18:30~19:00,35.25,0,0,13.02,29.36
3,339,3_수서,수서,main,up,saturday,10.76,11.59,21.9,17.9,420,13:00~13:30,18.12,0,0,12.1,10.32
3,339,3_수서,수서,main,up,sunday,7.16,7.7,13.7,11.91,420,13:00~13:30,12.31,0,0,7.04,7.26
3,339,3_수서,수서,main,up,weekday,14.14,14.1,44.3,32.99,429,08:00~08:30,42.48,0,0,31.51,15.9
3,340,3_가락시장,가락시장,main,down,saturday,6.63,6.9,14.61,10.71,419,17:30~18:00,12.8,0,0,3.95,9.42
3,340,3_가락시장,가락시장,main,down,sunday,4.86,5.1,10.4,7.91,419,17:30~18:00,9.35,0,0,2.44,7.02
3,340,3_가락시장,가락시장,main,down,weekday,10.26,9.1,29.0,21.38,426,18:30~19:00,27.8,0,0,9.42,20.97
3,340,3_가락시장,가락시장,main,up,saturday,10.84,11.36,20.62,16.8,420,12:00~12:30,18.95,0,0,12.42,10.43
3,340,3_가락시장,가락시장,main,up,sunday,7.52,8.1,14.1,11.6,420,12:00~12:30,12.11,0,0,7.4,8.11
3,340,3_가락시장,가락시장,main,up,weekday,15.47,13.61,48.82,40.42,429,08:00~08:30,47.56,0,0,37.03,17.58
3,341,3_경찰병원,경찰병원,main,down,saturday,5.25,5.6,11.7,8.51,419,17:30~18:00,9.03,0,0,3.14,7.45
3,341,3_경찰병원,경찰병원,main,down,sunday,3.86,4.1,7.9,6.21,419,17:30~18:00,6.52,0,0,2.04,5.48
3,341,3_경찰병원,경찰병원,main,down,weekday,7.95,6.9,23.6,17.6,426,18:30~19:00,22.46,0,0,6.39,17.45
3,341,3_경찰병원,경찰병원,main,up,saturday,6.57,6.92,14.5,10.82,416,12:00~12:30,11.68,0,0,8.12,5.76
3,341,3_경찰병원,경찰병원,main,up,sunday,4.61,4.8,9.38,7.62,416,12:00~12:30,7.53,0,0,4.87,4.46
3,341,3_경찰병원,경찰병원,main,up,weekday,9.76,8.7,32.7,26.26,426,08:00~08:30,31.05,0,0,24.45,10.23
3,342,3_오금,오금,main,down,saturday,0.0,0.0,0.02,0.0,419,17:30~18:00,0.0,0,0,0.0,0.0
3,342,3_오금,오금,main,down,sunday,0.0,0.0,0.0,0.0,419,22:30~23:00,0.0,0,0,0.0,0.0
3,342,3_오금,오금,main,down,weekday,0.0,0.0,0.0,0.0,426,17:30~18:00,0.0,0,0,0.0,0.0
3,342,3_오금,오금,main,up,saturday,5.25,5.55,11.8,8.6,416,12:00~12:30,9.22,0,0,6.5,4.58
3,342,3_오금,오금,main,up,sunday,3.74,4.0,7.66,6.01,416,12:00~12:30,5.92,0,0,3.84,3.65
3,342,3_오금,오금,main,up,weekday,7.65,6.6,27.4,22.6,426,08:00~08:30,25.95,0,0,20.4,7.31
4,409,4_불암산,불암산,main,down,saturday,6.41,6.2,15.7,12.69,423,11:00~11:30,13.29,0,0,9.11,6.36
4,409,4_불암산,불암산,main,down,sunday,4.66,4.5,12.64,9.49,423,10:00~10:30,10.78,0,0,5.65,4.75
4,409,4_불암산,불암산,main,down,weekday,6.71,6.1,25.2,17.5,429,08:00~08:30,23.85,0,0,17.42,5.7
4,409,4_불암산,불암산,main,up,saturday,3.81,3.63,13.5,8.3,422,20:30~21:00,9.55,0,0,1.8,5.98
4,409,4_불암산,불암산,main,up,sunday,2.79,2.6,8.6,5.89,422,20:30~21:00,7.37,0,0,1.24,4.6
4,409,4_불암산,불암산,main,up,weekday,4.18,3.7,13.8,9.27,429,18:00~18:30,12.68,0,0,2.9,9.07
4,410,4_상계,상계,main,down,saturday,10.77,11.0,22.8,19.8,419,11:00~11:30,19.95,0,0,15.23,10.26
4,410,4_상계,상계,main,down,sunday,7.8,8.0,17.94,14.61,419,10:00~10:30,15.81,0,0,9.46,7.64
4,410,4_상계,상계,main,down,weekday,11.56,10.0,44.6,30.92,426,08:00~08:30,41.23,0,0,30.27,8.43
4,410,4_상계,상계,main,up,saturday,6.15,6.0,14.0,9.92,416,17:00~17:30,9.85,0,0,3.79,8.63
4,410,4_상계,상계,main,up,sunday,4.58,4.6,9.3,7.41,416,20:00~20:30,7.48,0,0,2.73,6.66
4,410,4_상계,상계,main,up,weekday,6.45,5.91,18.6,13.8,426,18:00~18:30,16.41,0,0,4.38,13.21
4,411,4_노원,노원,main,down,saturday,16.03,16.8,31.57,26.24,419,11:00~11:30,27.36,0,0,20.07,15.75
4,411,4_노원,노원,main,down,sunday,11.56,12.1,23.54,19.41,419,10:00~10:30,21.19,0,0,13.04,11.85
4,411,4_노원,노원,main,down,weekday,17.32,15.64,61.9,40.78,426,08:00~08:30,58.35,0,0,40.7,13.75
4,411,4_노원,노원,main,up,saturday,10.0,9.7,22.7,15.8,419,17:00~17:30,15.81,0,0,6.3,14.36
4,411,4_노원,노원,main,up,sunday,7.38,7.34,14.1,12.21,419,18:00~18:30,11.64,0,0,4.39,10.86
4,411,4_노원,노원,main,up,weekday,10.95,9.7,27.66,25.18,426,18:00~18:30,26.17,0,0,6.79,23.59
4,412,4_창동,창동,main,down,saturday,24.21,25.9,51.2,40.92,423,10:30~11:00,44.94,0,0,31.12,23.52
4,412,4_창동,창동,main,down,sunday,17.45,18.5,37.31,29.84,423,10:30~11:00,33.19,0,0,19.81,18.25
4,412,4_창동,창동,main,down,weekday,24.55,22.7,95.7,59.56,429,08:00~08:30,80.09,1,30,59.13,17.84
4,412,4_창동,창동,main,up,saturday,16.1,16.1,33.5,24.42,419,18:00~18:30,23.95,0,0,10.73,22.46
4,412,4_창동,창동,main,up,sunday,11.54,11.9,20.2,17.51,419,18:00~18:30,18.5,0,0,6.93,16.45
4,412,4_창동,창동,main,up,weekday,17.39,15.35,44.53,40.78,426,18:30~19:00,42.57,0,0,12.28,37.67
4,413,4_쌍문,쌍문,main,down,saturday,27.82,28.9,60.58,49.97,423,10:30~11:00,53.19,0,0,38.99,24.8
4,413,4_쌍문,쌍문,main,down,sunday,19.98,20.3,43.59,36.67,423,10:30~11:00,39.34,0,0,24.74,19.17
4,413,4_쌍문,쌍문,main,down,weekday,28.6,25.3,116.2,76.72,429,08:00~08:30,95.31,1,30,74.61,18.48
4,413,4_쌍문,쌍문,main,up,saturday,23.7,22.99,51.1,36.05,416,21:00~21:30,35.44,0,0,15.2,32.67
4,413,4_쌍문,쌍문,main,up,sunday,17.09,17.0,29.0,26.1,416,18:30~19:00,25.88,0,0,10.66,23.98
4,413,4_쌍문,쌍문,main,up,weekday,25.48,22.55,67.8,61.72,426,18:30~19:00,64.9,0,0,15.92,57.12
4,414,4_수유,수유,main,down,saturday,31.48,32.1,66.2,57.29,423,09:30~10:00,58.98,0,0,43.83,26.66
4,414,4_수유,수유,main,down,sunday,22.75,22.6,48.41,41.88,423,09:30~10:00,43.46,0,0,27.99,21.0
4,414,4_수유,수유,main,down,weekday,32.25,28.03,134.0,87.52,429,08:00~08:30,109.85,3,90,85.72,19.61
4,414,4_수유,수유,main,up,saturday,27.07,24.6,62.1,43.61,420,21:00~21:30,43.26,0,0,14.85,38.43
4,414,4_수유,수유,main,up,sunday,19.57,18.45,35.9,31.7,420,21:00~21:30,32.06,0,0,10.66,28.35
4,414,4_수유,수유,main,up,weekday,30.04,24.4,84.1,72.5,429,18:30~19:00,79.46,0,0,14.58,69.32
4,415,4_미아,미아,main,down,saturday,33.11,33.95,70.3,60.65,423,09:30~10:00,61.87,0,0,46.54,27.77
4,415,4_미아,미아,main,down,sunday,23.83,23.5,51.17,44.46,423,09:30~10:00,45.61,0,0,29.83,21.62
4,415,4_미아,미아,main,down,weekday,34.01,29.69,140.0,93.72,429,08:00~08:30,112.14,3,90,89.39,20.84
4,415,4_미아,미아,main,up,saturday,30.61,26.91,77.5,52.1,420,21:00~21:30,52.04,0,0,15.03,44.87
4,415,4_미아,미아,main,up,sunday,22.16,20.48,44.5,38.2,420,21:00~21:30,39.04,0,0,10.88,32.78
4,415,4_미아,미아,main,up,weekday,33.87,28.6,99.5,81.76,429,18:30~19:00,94.24,2,60,14.07,80.6
4,416,4_미아사거리,미아사거리,main,down,saturday,35.69,37.0,78.16,65.93,423,11:00~11:30,66.06,0,0,50.9,29.31
4,416,4_미아사거리,미아사거리,main,down,sunday,25.6,24.82,55.69,48.59,423,09:30~10:00,48.42,0,0,32.99,22.56
4,416,4_미아사거리,미아사거리,main,down,weekday,36.82,31.3,161.9,103.84,429,08:00~08:30,121.55,4,120,98.95,21.63
4,416,4_미아사거리,미아사거리,main,up,saturday,32.01,28.35,83.7,54.41,420,21:00~21:30,56.01,0,0,15.13,47.71
4,416,4_미아사거리,미아사거리,main,up,sunday,23.09,21.3,46.8,40.31,420,21:00~21:30,42.16,0,0,10.82,34.87
4,416,4_미아사거리,미아사거리,main,up,weekday,35.86,28.63,102.83,86.72,429,18:30~19:00,97.42,3,90,15.04,84.88
4,417,4_길음,길음,main,down,saturday,38.37,40.3,86.6,72.18,423,09:00~09:30,74.2,0,0,53.6,31.93
4,417,4_길음,길음,main,down,sunday,27.35,26.2,58.27,52.79,423,09:30~10:00,52.36,0,0,34.19,23.95
4,417,4_길음,길음,main,down,weekday,39.72,33.52,176.2,112.58,429,08:00~08:30,132.42,5,150,108.32,23.1
4,417,4_길음,길음,main,up,saturday,34.41,29.85,92.7,59.11,420,21:00~21:30,61.21,0,0,15.25,52.37
4,417,4_길음,길음,main,up,sunday,24.71,22.66,51.56,43.7,420,21:00~21:30,46.51,0,0,10.71,38.24
4,417,4_길음,길음,main,up,weekday,38.67,30.1,112.6,96.94,429,18:30~19:00,106.03,5,150,14.54,93.52
4,418,4_성신여대입구,성신여대입구,main,down,saturday,42.82,45.1,95.5,78.99,423,11:00~11:30,81.71,2,60,58.24,36.22
4,418,4_성신여대입구,성신여대입구,main,down,sunday,30.67,29.5,64.15,58.56,423,09:30~10:00,57.25,0,0,37.68,27.09
4,418,4_성신여대입구,성신여대입구,main,down,weekday,44.26,38.67,185.5,121.14,429,08:00~08:30,140.68,5,150,116.41,27.13
4,418,4_성신여대입구,성신여대입구,main,up,saturday,36.9,32.95,88.4,64.5,420,21:00~21:30,66.5,0,0,15.98,56.97
4,418,4_성신여대입구,성신여대입구,main,up,sunday,26.52,24.86,52.9,47.72,420,21:00~21:30,49.27,0,0,11.45,41.3
4,418,4_성신여대입구,성신여대입구,main,up,weekday,41.73,32.6,121.7,106.88,429,18:30~19:00,115.96,5,150,14.5,101.33
4,419,4_한성대입구,한성대입구,main,down,saturday,44.57,45.8,98.0,81.4,423,11:00~11:30,84.82,2,60,59.72,39.25
4,419,4_한성대입구,한성대입구,main,down,sunday,31.9,31.3,66.74,60.47,423,10:00~10:30,59.01,0,0,38.98,28.8
4,419,4_한성대입구,한성대입구,main,down,weekday,45.54,41.7,184.5,125.99,429,08:00~08:30,139.77,6,180,117.45,29.45
4,419,4_한성대입구,한성대입구,main,up,saturday,40.26,35.6,98.8,71.73,423,21:00~21:30,73.59,0,0,17.49,63.16
4,419,4_한성대입구,한성대입구,main,up,sunday,29.1,26.6,58.9,52.99,423,21:00~21:30,55.1,0,0,12.9,45.65
4,419,4_한성대입구,한성대입구,main,up,weekday,45.41,36.8,135.6,114.48,429,18:30~19:00,125.87,5,150,16.17,109.12
4,420,4_혜화,혜화,main,down,saturday,51.32,52.3,93.9,81.5,423,11:00~11:30,84.52,2,60,57.86,52.59
4,420,4_혜화,혜화,main,down,sunday,36.52,38.59,67.7,59.7,423,10:30~11:00,59.58,0,0,37.82,37.88
4,420,4_혜화,혜화,main,down,weekday,50.42,47.8,171.5,121.94,429,08:00~08:30,134.71,6,180,113.66,37.89
4,420,4_혜화,혜화,main,up,saturday,42.12,37.0,101.0,73.7,420,21:00~21:30,75.7,0,0,18.65,65.55
4,420,4_혜화,혜화,main,up,sunday,30.52,27.1,61.3,55.35,420,21:00~21:30,57.14,0,0,13.77,47.59
4,420,4_혜화,혜화,main,up,weekday,46.93,38.7,136.6,117.01,429,18:30~19:00,128.45,6,180,17.49,111.83
4,421,4_동대문,동대문,main,down,saturday,52.15,54.6,91.7,79.4,423,11:00~11:30,82.04,1,30,56.49,56.64
4,421,4_동대문,동대문,main,down,sunday,37.19,39.2,68.22,58.5,423,10:30~11:00,59.06,0,0,37.91,40.29
4,421,4_동대문,동대문,main,down,weekday,50.8,50.5,158.9,111.38,429,08:30~09:00,138.9,5,150,107.2,41.74
4,421,4_동대문,동대문,main,up,saturday,48.48,51.5,107.1,78.91,420,18:00~18:30,77.92,0,0,22.46,72.42
4,421,4_동대문,동대문,main,up,sunday,35.06,38.55,63.0,56.62,420,20:30~21:00,56.0,0,0,15.88,51.82
4,421,4_동대문,동대문,main,up,weekday,50.97,45.3,146.4,120.18,429,18:30~19:00,135.61,6,180,25.71,116.34
4,422,4_동대문역사문화공원,동대문역사문화공원,main,down,saturday,43.9,45.9,77.1,66.43,423,11:00~11:30,67.6,0,0,44.58,50.54
4,422,4_동대문역사문화공원,동대문역사문화공원,main,down,sunday,31.89,34.0,55.3,49.21,423,10:30~11:00,47.84,0,0,30.04,38.02
4,422,4_동대문역사문화공원,동대문역사문화공원,main,down,weekday,41.05,41.8,111.0,77.54,429,08:30~09:00,104.84,2,60,76.15,37.83
4,422,4_동대문역사문화공원,동대문역사문화공원,main,up,saturday,49.95,54.25,108.3,77.61,420,18:00~18:30,77.37,0,0,24.24,71.91
4,422,4_동대문역사문화공원,동대문역사문화공원,main,up,sunday,36.27,40.25,62.7,57.3,420,20:30~21:00,57.11,0,0,17.03,52.03
4,422,4_동대문역사문화공원,동대문역사문화공원,main,up,weekday,51.3,47.8,137.9,115.88,429,18:30~19:00,129.6,6,180,28.88,111.81
4,423,4_충무로,충무로,main,down,saturday,41.97,43.6,79.6,63.58,423,11:30~12:00,64.68,0,0,34.36,53.42
4,423,4_충무로,충무로,main,down,sunday,30.35,33.0,57.08,46.69,423,10:30~11:00,45.57,0,0,24.41,39.15
4,423,4_충무로,충무로,main,down,weekday,38.13,40.0,89.9,61.5,429,08:30~09:00,79.32,0,0,57.96,42.82
4,423,4_충무로,충무로,main,up,saturday,41.33,45.7,83.1,64.32,420,16:30~17:00,65.2,0,0,21.6,58.54
4,423,4_충무로,충무로,main,up,sunday,30.58,34.15,52.1,46.51,420,18:00~18:30,46.8,0,0,14.84,43.05
4,423,4_충무로,충무로,main,up,weekday,40.93,37.8,100.9,88.7,429,18:00~18:30,98.75,4,120,25.88,84.42
4,424,4_명동,명동,main,down,saturday,39.31,41.3,77.8,58.69,423,18:00~18:30,57.21,0,0,30.97,50.63
4,424,4_명동,명동,main,down,sunday,28.23,30.8,47.25,41.1,423,18:00~18:30,41.35,0,0,22.14,36.85
4,424,4_명동,명동,main,down,weekday,35.97,36.9,70.8,55.17,429,08:30~09:00,62.55,0,0,49.23,43.94
4,424,4_명동,명동,main,up,saturday,40.28,44.35,82.0,61.78,420,16:30~17:00,63.27,0,0,22.55,55.15
4,424,4_명동,명동,main,up,sunday,29.57,33.8,48.6,43.2,420,18:00~18:30,42.99,0,0,15.25,40.33
4,424,4_명동,명동,main,up,weekday,37.98,36.2,83.7,75.54,429,18:00~18:30,81.52,1,30,31.14,70.29
4,425,4_회현,회현,main,down,saturday,37.77,39.3,76.2,59.36,423,17:00~17:30,62.29,0,0,26.89,54.32
4,425,4_회현,회현,main,down,sunday,27.59,30.3,48.0,40.66,423,18:00~18:30,41.26,0,0,20.19,38.47
4,425,4_회현,회현,main,down,weekday,33.92,32.6,72.69,56.07,429,18:00~18:30,66.28,0,0,38.8,50.01
4,425,4_회현,회현,main,up,saturday,38.46,40.75,77.5,59.02,420,16:30~17:00,60.54,0,0,23.46,50.83
4,425,4_회현,회현,main,up,sunday,27.92,31.85,46.9,41.52,420,12:30~13:00,39.66,0,0,15.98,36.64
4,425,4_회현,회현,main,up,weekday,35.96,34.1,73.94,67.62,429,18:00~18:30,71.4,0,0,36.77,62.19
4,426,4_서울역,서울역,main,down,saturday,27.64,28.8,59.3,45.81,423,17:00~17:30,47.19,0,0,16.85,41.31
4,426,4_서울역,서울역,main,down,sunday,19.4,21.4,33.9,29.3,423,18:00~18:30,29.92,0,0,11.96,27.13
4,426,4_서울역,서울역,main,down,weekday,25.8,24.1,56.61,45.7,429,18:00~18:30,53.7,0,0,24.89,43.38
4,426,4_서울역,서울역,main,up,saturday,37.8,40.1,67.8,58.95,420,16:30~17:00,55.5,0,0,25.31,45.0
4,426,4_서울역,서울역,main,up,sunday,27.59,30.72,47.5,41.79,420,12:30~13:00,40.53,0,0,16.83,34.2
4,426,4_서울역,서울역,main,up,weekday,34.27,35.8,62.55,56.96,429,18:00~18:30,57.47,0,0,42.78,51.33
4,427,4_숙대입구,숙대입구,main,down,saturday,27.18,28.2,58.9,44.9,423,17:00~17:30,46.59,0,0,16.34,40.48
4,427,4_숙대입구,숙대입구,main,down,sunday,19.03,21.1,33.3,29.1,423,18:00~18:30,29.74,0,0,11.38,26.82
4,427,4_숙대입구,숙대입구,main,down,weekday,25.46,23.5,57.69,47.66,429,18:00~18:30,54.89,0,0,23.16,44.12
4,427,4_숙대입구,숙대입구,main,up,saturday,28.02,29.3,62.2,43.5,420,16:30~17:00,42.78,0,0,19.08,32.73
4,427,4_숙대입구,숙대입구,main,up,sunday,19.7,21.7,34.1,30.1,420,13:00~13:30,29.1,0,0,13.2,24.47
4,427,4_숙대입구,숙대입구,main,up,weekday,25.75,25.7,56.8,45.11,429,08:00~08:30,53.15,0,0,38.49,35.61
4,428,4_삼각지,삼각지,main,down,saturday,29.24,30.39,63.6,46.2,423,17:00~17:30,46.83,0,0,18.32,42.48
4,428,4_삼각지,삼각지,main,down,sunday,20.48,22.6,34.2,30.1,423,18:00~18:30,30.35,0,0,12.97,28.18
4,428,4_삼각지,삼각지,main,down,weekday,27.49,26.0,58.3,51.5,429,18:00~18:30,56.38,0,0,27.83,46.4
4,428,4_삼각지,삼각지,main,up,saturday,27.46,28.82,62.3,41.7,420,11:00~11:30,41.67,0,0,19.18,32.55
4,428,4_삼각지,삼각지,main,up,sunday,19.26,21.5,33.9,28.9,420,11:00~11:30,29.21,0,0,13.37,24.17
4,428,4_삼각지,삼각지,main,up,weekday,25.28,25.0,59.8,44.28,429,08:00~08:30,56.61,0,0,40.18,34.15
4,429,4_신용산,신용산,main,down,saturday,28.38,28.64,58.7,45.38,423,17:00~17:30,44.31,0,0,15.8,41.29
4,429,4_신용산,신용산,main,down,sunday,19.98,21.7,34.3,30.37,423,18:00~18:30,30.09,0,0,11.21,28.32
4,429,4_신용산,신용산,main,down,weekday,26.81,24.8,62.26,53.34,429,18:00~18:30,60.72,0,0,22.62,48.73
4,429,4_신용산,신용산,main,up,saturday,29.63,30.85,68.0,45.31,420,11:00~11:30,44.87,0,0,20.1,35.99
4,429,4_신용산,신용산,main,up,sunday,20.46,22.85,36.73,31.0,420,11:00~11:30,31.24,0,0,13.79,26.33
4,429,4_신용산,신용산,main,up,weekday,27.24,26.75,64.1,46.38,429,08:00~08:30,60.56,0,0,42.56,38.71
4,430,4_이촌,이촌,main,down,saturday,30.81,31.46,84.2,48.94,423,17:00~17:30,48.36,0,0,17.68,44.12
4,430,4_이촌,이촌,main,down,sunday,21.7,23.4,37.7,32.92,423,18:00~18:30,33.52,0,0,12.33,31.27
4,430,4_이촌,이촌,main,down,weekday,29.15,26.4,66.4,57.02,429,18:30~19:00,62.93,0,0,27.29,51.85
4,430,4_이촌,이촌,main,up,saturday,29.14,31.03,54.49,46.5,420,11:00~11:30,47.35,0,0,21.78,34.9
4,430,4_이촌,이촌,main,up,sunday,20.02,22.1,37.9,31.6,420,11:00~11:30,32.95,0,0,14.93,25.2
4,430,4_이촌,이촌,main,up,weekday,26.73,26.4,69.0,49.68,429,08:00~08:30,65.67,0,0,48.03,33.81
4,431,4_동작,동작,main,down,saturday,31.31,32.3,88.9,49.93,419,17:00~17:30,48.85,0,0,17.36,45.43
4,431,4_동작,동작,main,down,sunday,22.14,24.06,40.3,34.0,419,18:30~19:00,34.68,0,0,12.18,32.34
4,431,4_동작,동작,main,down,weekday,29.82,27.23,77.0,58.58,426,18:30~19:00,73.1,0,0,27.7,57.03
4,431,4_동작,동작,main,up,saturday,31.46,32.5,58.23,50.62,420,11:00~11:30,49.44,0,0,23.71,37.14
4,431,4_동작,동작,main,up,sunday,21.69,24.05,38.9,33.8,420,11:00~11:30,33.99,0,0,16.15,27.02
4,431,4_동작,동작,main,up,weekday,28.77,27.9,72.35,49.96,429,08:00~08:30,65.84,0,0,49.65,37.33
4,432,4_이수,이수,main,down,saturday,33.03,35.6,83.4,51.61,419,17:00~17:30,50.07,0,0,19.67,46.45
4,432,4_이수,이수,main,down,sunday,23.59,26.0,40.6,34.8,419,18:30~19:00,35.31,0,0,14.78,32.86
4,432,4_이수,이수,main,down,weekday,31.01,27.96,75.8,57.6,426,18:30~19:00,72.36,0,0,29.98,57.49
4,432,4_이수,이수,main,up,saturday,32.21,33.25,60.5,52.3,420,13:00~13:30,49.63,0,0,26.15,37.36
4,432,4_이수,이수,main,up,sunday,22.31,24.5,39.4,35.2,420,13:00~13:30,34.86,0,0,17.88,27.63
4,432,4_이수,이수,main,up,weekday,29.89,28.5,79.7,52.68,429,08:00~08:30,74.5,0,0,55.19,36.81
4,433,4_사당,사당,main,down,saturday,28.2,30.2,67.3,42.64,423,22:00~22:30,43.92,0,0,18.67,35.51
4,433,4_사당,사당,main,down,sunday,20.44,21.2,40.9,33.49,423,09:00~09:30,35.91,0,0,15.46,25.75
4,433,4_사당,사당,main,down,weekday,26.13,23.3,70.1,51.3,429,18:30~19:00,66.78,0,0,25.45,48.78
4,433,4_사당,사당,main,up,saturday,34.31,34.3,66.9,56.75,423,10:30~11:00,58.38,0,0,28.93,41.81
4,433,4_사당,사당,main,up,sunday,24.04,26.4,53.4,40.29,423,18:00~18:30,46.01,0,0,18.53,32.95
4,433,4_사당,사당,main,up,weekday,31.67,30.7,82.96,60.76,429,08:00~08:30,76.33,0,0,60.36,39.0
4,434,4_남태령,남태령,main,down,saturday,49.9,53.8,115.8,76.98,423,21:30~22:00,78.99,0,0,31.12,62.17
4,434,4_남태령,남태령,main,down,sunday,36.55,38.9,91.9,57.19,423,09:30~10:00,79.55,0,0,25.34,45.02
4,434,4_남태령,남태령,main,down,weekday,48.88,41.75,135.3,100.65,426,18:30~19:00,130.0,4,120,46.53,99.78
4,434,4_남태령,남태령,main,up,saturday,51.59,59.9,108.1,85.47,420,10:30~11:00,97.57,4,120,45.71,68.63
4,434,4_남태령,남태령,main,up,sunday,37.14,41.1,95.0,69.91,420,18:00~18:30,79.72,0,0,28.66,59.79
4,434,4_남태령,남태령,main,up,weekday,49.82,46.45,130.07,107.9,426,08:00~08:30,125.33,6,180,102.11,64.16
5,2511,5_방화,방화,main,down,saturday,2.47,2.67,5.14,4.37,423,11:30~12:00,4.24,0,0,3.13,2.19
5,2511,5_방화,방화,main,down,sunday,1.84,1.8,5.3,3.3,423,13:00~13:30,3.24,0,0,2.05,1.65
5,2511,5_방화,방화,main,down,weekday,2.77,3.0,7.0,5.96,429,07:30~08:00,6.76,0,0,5.56,2.28
5,2511,5_방화,방화,main,up,saturday,0.0,0.0,0.0,0.0,419,05:30~06:00,0.0,0,0,0.0,0.0
5,2511,5_방화,방화,main,up,sunday,0.0,0.0,0.0,0.0,419,05:30~06:00,0.0,0,0,0.0,0.0
5,2511,5_방화,방화,main,up,weekday,0.0,0.0,0.0,0.0,426,06:00~06:30,0.0,0,0,0.0,0.0
5,2512,5_개화산,개화산,main,down,saturday,4.45,4.95,9.03,7.5,423,11:30~12:00,7.31,0,0,5.51,4.17
5,2512,5_개화산,개화산,main,down,sunday,3.24,3.4,7.0,5.7,423,10:00~10:30,5.67,0,0,3.6,2.97
5,2512,5_개화산,개화산,main,down,weekday,5.05,5.3,13.0,11.1,429,07:30~08:00,12.55,0,0,10.18,4.95
5,2512,5_개화산,개화산,main,up,saturday,2.49,2.6,4.7,3.8,423,16:30~17:00,3.82,0,0,1.31,3.51
5,2512,5_개화산,개화산,main,up,sunday,1.92,2.0,4.3,3.2,423,16:30~17:00,3.16,0,0,0.9,2.9
5,2512,5_개화산,개화산,main,up,weekday,3.02,2.9,7.2,5.8,429,18:00~18:30,6.78,0,0,2.51,5.47
5,2513,5_김포공항,김포공항,main,down,saturday,11.63,12.5,20.8,17.89,423,16:30~17:00,17.67,0,0,10.33,14.66
5,2513,5_김포공항,김포공항,main,down,sunday,8.71,9.6,14.5,13.0,423,16:30~17:00,12.41,0,0,6.7,10.88
5,2513,5_김포공항,김포공항,main,down,weekday,12.72,12.17,29.79,24.96,429,08:00~08:30,26.26,0,0,22.34,15.65
5,2513,5_김포공항,김포공항,main,up,saturday,4.46,4.6,8.8,6.7,423,16:30~17:00,6.95,0,0,2.49,6.16
5,2513,5_김포공항,김포공항,main,up,sunday,3.4,3.5,6.2,5.5,423,17:00~17:30,5.32,0,0,1.64,5.09
5,2513,5_김포공항,김포공항,main,up,weekday,5.51,5.1,14.67,10.6,429,18:00~18:30,13.12,0,0,5.18,10.06
5,2514,5_송정,송정,main,down,saturday,12.96,14.2,23.1,19.82,423,16:30~17:00,19.82,0,0,11.86,15.87
5,2514,5_송정,송정,main,down,sunday,9.57,10.7,15.4,14.31,423,16:30~17:00,13.91,0,0,7.67,11.55
5,2514,5_송정,송정,main,down,weekday,14.18,13.9,33.08,28.62,429,08:30~09:00,30.45,0,0,25.5,16.81
5,2514,5_송정,송정,main,up,saturday,11.64,11.4,29.6,17.97,423,05:30~06:00,23.8,0,0,8.13,14.29
5,2514,5_송정,송정,main,up,sunday,8.81,8.71,21.3,14.0,423,05:30~06:00,18.4,0,0,5.82,11.37
5,2514,5_송정,송정,main,up,weekday,13.36,12.2,38.74,27.69,429,18:00~18:30,35.7,0,0,13.72,24.07
5,2515,5_마곡,마곡,main,down,saturday,15.12,16.2,28.9,23.9,423,16:00~16:30,24.58,0,0,13.11,18.49
5,2515,5_마곡,마곡,main,down,sunday,10.83,11.9,18.57,16.5,423,16:00~16:30,15.85,0,0,8.33,13.13
5,2515,5_마곡,마곡,main,down,weekday,17.19,16.5,34.19,30.3,429,08:00~08:30,31.66,0,0,26.78,24.29
5,2515,5_마곡,마곡,main,up,saturday,12.89,12.6,29.8,19.79,423,05:30~06:00,24.77,0,0,8.83,16.11
5,2515,5_마곡,마곡,main,up,sunday,9.7,9.6,21.7,15.22,423,05:30~06:00,18.51,0,0,6.21,12.89
5,2515,5_마곡,마곡,main,up,weekday,14.85,13.42,42.53,30.24,429,18:00~18:30,39.39,0,0,14.5,26.91
5,2516,5_발산,발산,main,down,saturday,18.9,19.47,38.2,31.18,423,16:00~16:30,32.09,0,0,14.08,23.68
5,2516,5_발산,발산,main,down,sunday,13.29,14.3,23.0,20.7,423,16:00~16:30,20.38,0,0,9.26,16.6
5,2516,5_발산,발산,main,down,weekday,22.24,21.1,47.6,39.74,429,18:30~19:00,44.48,0,0,27.35,36.58
5,2516,5_발산,발산,main,up,saturday,15.3,14.7,42.9,23.9,423,05:30~06:00,31.97,0,0,10.65,18.81
5,2516,5_발산,발산,main,up,sunday,11.08,11.1,22.6,17.69,423,05:30~06:00,19.64,0,0,7.19,14.57
5,2516,5_발산,발산,main,up,weekday,17.99,16.2,50.9,35.86,429,18:00~18:30,41.33,0,0,21.35,29.5
5,2517,5_우장산,우장산,main,down,saturday,21.12,22.1,39.9,33.39,423,16:00~16:30,33.6,0,0,17.56,24.97
5,2517,5_우장산,우장산,main,down,sunday,14.67,15.6,24.24,22.24,423,15:00~15:30,22.2,0,0,11.47,17.1
5,2517,5_우장산,우장산,main,down,weekday,24.84,23.4,48.87,43.28,429,18:30~19:00,45.66,0,0,35.77,37.28
5,2517,5_우장산,우장산,main,up,saturday,19.51,20.45,42.6,29.5,420,05:30~06:00,32.74,0,0,14.4,24.44
5,2517,5_우장산,우장산,main,up,sunday,13.65,14.7,23.1,20.9,420,17:00~17:30,20.45,0,0,8.74,17.66
5,2517,5_우장산,우장산,main,up,weekday,22.66,19.32,62.35,44.9,429,08:00~08:30,52.73,0,0,36.3,33.83
5,2518,5_화곡,화곡,main,down,saturday,26.61,29.9,47.2,42.78,423,12:00~12:30,40.99,0,0,27.19,28.25
5,2518,5_화곡,화곡,main,down,sunday,18.48,19.6,31.8,29.3,423,12:30~13:00,28.47,0,0,17.45,19.23
5,2518,5_화곡,화곡,main,down,weekday,30.29,28.4,73.8,62.4,429,08:00~08:30,69.85,0,0,56.97,38.55
5,2518,5_화곡,화곡,main,up,saturday,21.55,22.2,41.2,33.46,423,16:30~17:00,32.68,0,0,15.63,28.44
5,2518,5_화곡,화곡,main,up,sunday,15.07,15.9,26.3,23.1,423,16:30~17:00,23.6,0,0,9.1,20.8
5,2518,5_화곡,화곡,main,up,weekday,25.71,22.3,61.85,50.56,429,08:00~08:30,54.52,0,0,36.76,41.97
5,2519,5_까치산,까치산,main,down,saturday,27.49,29.7,51.1,45.59,423,12:00~12:30,45.0,0,0,32.05,25.83
5,2519,5_까치산,까치산,main,down,sunday,19.02,18.51,35.5,32.73,423,10:00~10:30,32.0,0,0,20.36,17.11
5,2519,5_까치산,까치산,main,down,weekday,29.82,27.9,86.8,72.6,429,08:00~08:30,84.64,2,60,67.32,30.04
5,2519,5_까치산,까치산,main,up,saturday,26.38,26.9,54.0,42.59,423,17:30~18:00,42.74,0,0,16.02,37.91
5,2519,5_까치산,까치산,main,up,sunday,18.66,19.47,35.8,30.09,423,17:30~18:00,31.29,0,0,9.55,28.18
5,2519,5_까치산,까치산,main,up,weekday,31.39,28.2,77.0,65.08,429,18:00~18:30,73.38,0,0,35.46,59.48
5,2520,5_신정,신정,main,down,saturday,29.86,31.4,55.5,50.08,423,09:00~09:30,49.69,0,0,36.15,27.33
5,2520,5_신정,신정,main,down,sunday,20.67,20.3,39.5,36.48,423,10:00~10:30,36.06,0,0,22.99,17.83
5,2520,5_신정,신정,main,down,weekday,32.46,30.2,102.2,84.09,429,08:00~08:30,99.52,2,60,78.33,29.84
5,2520,5_신정,신정,main,up,saturday,26.61,27.5,64.4,44.68,423,17:00~17:30,44.67,0,0,12.3,41.13
5,2520,5_신정,신정,main,up,sunday,18.93,19.0,37.4,32.09,423,17:30~18:00,32.43,0,0,7.73,30.81
5,2520,5_신정,신정,main,up,weekday,31.52,26.0,85.3,71.78,429,18:00~18:30,80.59,1,30,24.71,65.69
5,2521,5_목동,목동,main,down,saturday,32.99,35.4,61.8,55.68,423,12:00~12:30,54.36,0,0,39.41,30.13
5,2521,5_목동,목동,main,down,sunday,22.87,22.2,45.5,40.19,423,12:30~13:00,40.13,0,0,25.14,19.74
5,2521,5_목동,목동,main,down,weekday,35.69,33.2,116.2,94.59,429,08:00~08:30,112.56,4,120,88.49,31.1
5,2521,5_목동,목동,main,up,saturday,28.47,29.7,72.1,48.6,423,17:30~18:00,48.03,0,0,11.98,44.56
5,2521,5_목동,목동,main,up,sunday,20.36,20.5,39.7,35.49,423,17:30~18:00,35.29,0,0,7.64,33.78
5,2521,5_목동,목동,main,up,weekday,33.62,27.0,93.3,79.4,429,18:00~18:30,87.75,1,30,22.86,72.27
5,2522,5_오목교,오목교,main,down,saturday,36.28,40.2,67.7,60.3,423,12:30~13:00,58.6,0,0,39.7,35.26
5,2522,5_오목교,오목교,main,down,sunday,25.02,25.8,48.5,42.64,423,12:30~13:00,43.25,0,0,25.54,23.15
5,2522,5_오목교,오목교,main,down,weekday,39.42,36.4,125.7,101.24,429,08:00~08:30,121.07,4,120,94.65,36.06
5,2522,5_오목교,오목교,main,up,saturday,31.84,33.5,81.1,54.89,423,17:00~17:30,54.03,0,0,13.08,50.44
5,2522,5_오목교,오목교,main,up,sunday,22.78,22.8,44.6,40.19,423,17:30~18:00,39.2,0,0,8.39,38.14
5,2522,5_오목교,오목교,main,up,weekday,38.06,30.7,104.23,91.8,429,18:00~18:30,101.34,3,90,23.31,84.67
5,2523,5_양평,양평,main,down,saturday,37.47,41.9,69.7,62.18,423,12:30~13:00,60.63,0,0,40.82,36.51
5,2523,5_양평,양평,main,down,sunday,25.79,26.7,50.2,44.0,423,12:30~13:00,44.93,0,0,26.11,23.82
5,2523,5_양평,양평,main,down,weekday,40.9,37.8,128.9,105.93,429,08:00~08:30,124.41,4,120,97.6,38.49
5,2523,5_양평,양평,main,up,saturday,34.7,37.05,90.7,61.13,420,16:30~17:00,61.0,0,0,16.47,54.53
5,2523,5_양평,양평,main,up,sunday,24.74,25.5,48.8,43.31,420,16:30~17:00,43.87,0,0,10.39,40.83
5,2523,5_양평,양평,main,up,weekday,42.4,34.62,113.53,101.28,429,18:00~18:30,110.23,4,120,27.49,93.33
5,2524,5_영등포구청,영등포구청,main,down,saturday,29.12,31.5,63.0,51.01,423,12:30~13:00,48.2,0,0,31.61,28.53
5,2524,5_영등포구청,영등포구청,main,down,sunday,20.18,19.95,43.2,35.65,423,12:30~13:00,36.09,0,0,20.25,18.38
5,2524,5_영등포구청,영등포구청,main,down,weekday,31.05,28.0,107.6,82.42,429,08:00~08:30,104.3,2,60,76.8,27.64
5,2524,5_영등포구청,영등포구청,main,up,saturday,35.69,37.9,89.2,63.3,420,16:30~17:00,62.37,0,0,16.77,55.88
5,2524,5_영등포구청,영등포구청,main,up,sunday,25.46,26.25,49.3,44.71,420,16:30~17:00,44.99,0,0,10.69,42.11
5,2524,5_영등포구청,영등포구청,main,up,weekday,43.81,36.4,115.39,103.98,429,18:00~18:30,108.89,4,120,29.47,94.86
5,2525,5_영등포시장,영등포시장,main,down,saturday,29.66,32.29,64.9,50.19,423,12:30~13:00,47.25,0,0,31.26,30.54
5,2525,5_영등포시장,영등포시장,main,down,sunday,20.38,20.9,41.8,34.9,423,12:30~13:00,35.22,0,0,19.96,19.56
5,2525,5_영등포시장,영등포시장,main,down,weekday,31.93,28.7,112.9,85.56,429,08:00~08:30,109.78,2,60,79.8,29.73
5,2525,5_영등포시장,영등포시장,main,up,saturday,27.98,29.1,92.6,52.21,420,17:00~17:30,51.08,0,0,11.92,45.27
5,2525,5_영등포시장,영등포시장,main,up,sunday,20.16,21.0,44.0,36.55,420,16:30~17:00,36.8,0,0,7.78,34.14
5,2525,5_영등포시장,영등포시장,main,up,weekday,33.65,27.1,92.2,82.36,429,18:00~18:30,88.04,2,60,20.67,75.35
5,2526,5_신길,신길,main,down,saturday,33.24,35.3,95.4,61.03,423,12:30~13:00,54.47,0,0,33.39,36.05
5,2526,5_신길,신길,main,down,sunday,22.11,22.8,50.6,38.2,423,12:30~13:00,39.63,0,0,21.34,21.46
5,2526,5_신길,신길,main,down,weekday,35.39,30.7,130.9,102.78,429,08:00~08:30,127.2,3,90,94.46,31.4
5,2526,5_신길,신길,main,up,saturday,28.74,30.45,91.0,50.73,420,17:00~17:30,50.6,0,0,12.92,44.47
5,2526,5_신길,신길,main,up,sunday,20.52,22.05,42.0,35.19,420,16:30~17:00,35.72,0,0,8.46,32.9
5,2526,5_신길,신길,main,up,weekday,34.61,28.1,94.78,83.32,429,17:30~18:00,88.8,3,90,22.58,76.46
5,2527,5_여의도,여의도,main,down,saturday,33.76,34.1,102.2,64.48,423,16:30~17:00,55.64,0,0,27.43,40.0
5,2527,5_여의도,여의도,main,down,sunday,22.0,23.6,45.9,37.28,423,12:30~13:00,36.62,0,0,17.89,24.8
5,2527,5_여의도,여의도,main,down,weekday,36.81,32.3,109.3,77.04,429,08:00~08:30,104.35,2,60,72.69,53.43
5,2527,5_여의도,여의도,main,up,saturday,31.4,32.4,128.5,57.5,420,17:00~17:30,55.35,0,0,13.26,48.65
5,2527,5_여의도,여의도,main,up,sunday,21.87,23.05,46.9,39.81,420,17:30~18:00,37.66,0,0,8.82,35.37
5,2527,5_여의도,여의도,main,up,weekday,37.56,28.9,109.5,95.0,429,17:30~18:00,105.1,4,120,23.17,87.58
5,2528,5_여의나루,여의나루,main,down,saturday,33.45,33.9,128.5,52.5,423,16:30~17:00,54.07,0,0,24.95,40.2
5,2528,5_여의나루,여의나루,main,down,sunday,22.61,25.0,40.3,34.9,423,12:30~13:00,34.52,0,0,16.43,27.25
5,2528,5_여의나루,여의나루,main,down,weekday,38.22,32.9,105.3,72.82,429,08:00~08:30,98.47,1,30,68.81,60.81
5,2528,5_여의나루,여의나루,main,up,saturday,31.22,32.16,104.0,56.7,420,17:00~17:30,53.85,0,0,15.46,47.95
5,2528,5_여의나루,여의나루,main,up,sunday,21.29,21.95,46.9,37.52,420,17:00~17:30,35.59,0,0,10.91,31.83
5,2528,5_여의나루,여의나루,main,up,weekday,37.65,34.2,91.8,78.68,429,18:00~18:30,87.55,2,60,48.39,72.91
5,2529,5_마포,마포,main,down,saturday,33.64,33.78,164.3,51.88,423,16:30~17:00,51.29,0,0,24.17,38.92
5,2529,5_마포,마포,main,down,sunday,22.65,24.8,40.3,35.51,423,12:30~13:00,34.59,0,0,16.24,26.9
5,2529,5_마포,마포,main,down,weekday,38.28,33.5,103.2,70.36,429,08:00~08:30,96.3,1,30,66.84,60.6
5,2529,5_마포,마포,main,up,saturday,34.26,32.21,127.6,62.05,420,17:00~17:30,64.21,0,0,18.27,53.19
5,2529,5_마포,마포,main,up,sunday,22.52,23.28,48.5,39.51,420,17:00~17:30,38.58,0,0,12.95,32.02
5,2529,5_마포,마포,main,up,weekday,39.07,33.6,93.7,82.17,429,18:00~18:30,91.72,2,60,55.8,71.95
5,2530,5_공덕,공덕,main,down,saturday,31.68,31.2,121.2,52.19,423,12:30~13:00,48.68,0,0,23.73,34.54
5,2530,5_공덕,공덕,main,down,sunday,21.52,22.7,40.8,35.3,423,12:30~13:00,34.68,0,0,16.54,23.43
5,2530,5_공덕,공덕,main,down,weekday,36.26,32.5,108.7,71.82,429,08:00~08:30,97.85,1,30,68.02,51.51
5,2530,5_공덕,공덕,main,up,saturday,34.56,32.2,149.1,63.4,420,17:00~17:30,65.95,0,0,18.37,56.17
5,2530,5_공덕,공덕,main,up,sunday,22.61,23.22,51.1,40.1,420,17:00~17:30,39.05,0,0,12.97,32.3
5,2530,5_공덕,공덕,main,up,weekday,39.0,33.6,88.5,82.5,429,18:00~18:30,85.79,3,90,56.95,70.1
5,2531,5_애오개,애오개,main,down,saturday,31.42,31.3,119.9,52.97,423,12:30~13:00,49.03,0,0,23.04,34.3
5,2531,5_애오개,애오개,main,down,sunday,21.28,22.0,40.5,35.58,423,12:30~13:00,35.09,0,0,16.0,22.91
5,2531,5_애오개,애오개,main,down,weekday,35.99,32.7,108.9,77.78,429,08:00~08:30,98.54,1,30,69.98,51.14
5,2531,5_애오개,애오개,main,up,saturday,31.85,30.3,123.7,61.23,423,17:00~17:30,63.28,0,0,16.05,52.86
5,2531,5_애오개,애오개,main,up,sunday,20.94,21.7,45.8,37.64,423,17:00~17:30,37.55,0,0,11.48,31.18
5,2531,5_애오개,애오개,main,up,weekday,36.84,32.12,91.5,78.96,429,18:00~18:30,88.15,2,60,45.89,71.38
5,2532,5_충정로,충정로,main,down,saturday,30.76,30.2,113.4,51.88,423,12:30~13:00,48.85,0,0,22.43,33.62
5,2532,5_충정로,충정로,main,down,sunday,20.78,21.3,39.7,34.99,423,12:30~13:00,34.54,0,0,15.57,22.08
5,2532,5_충정로,충정로,main,down,weekday,34.74,31.5,101.5,74.12,429,08:00~08:30,91.31,1,30,65.28,49.45
5,2532,5_충정로,충정로,main,up,saturday,31.83,30.3,127.5,60.39,423,17:00~17:30,62.99,0,0,15.82,52.6
5,2532,5_충정로,충정로,main,up,sunday,20.93,21.4,45.8,37.04,423,17:00~17:30,37.45,0,0,11.33,31.24
5,2532,5_충정로,충정로,main,up,weekday,36.74,32.14,94.8,77.64,429,18:00~18:30,93.03,1,30,44.23,71.55
5,2533,5_서대문,서대문,main,down,saturday,30.95,30.6,110.7,51.56,423,16:30~17:00,48.63,0,0,21.54,35.04
5,2533,5_서대문,서대문,main,down,sunday,20.87,21.8,40.0,34.88,423,12:30~13:00,34.69,0,0,15.33,22.68
5,2533,5_서대문,서대문,main,down,weekday,34.92,32.0,77.14,61.36,429,08:00~08:30,70.91,0,0,53.07,56.81
5,2533,5_서대문,서대문,main,up,saturday,30.91,29.8,115.5,58.69,423,17:00~17:30,60.38,0,0,15.48,50.53
5,2533,5_서대문,서대문,main,up,sunday,20.32,20.8,43.0,35.81,423,17:00~17:30,36.0,0,0,11.14,30.24
5,2533,5_서대문,서대문,main,up,weekday,35.46,31.4,87.6,73.28,429,18:00~18:30,85.93,1,30,44.49,66.59
5,2534,5_광화문,광화문,main,down,saturday,31.29,31.2,119.4,53.79,423,16:30~17:00,54.79,0,0,18.34,41.91
5,2534,5_광화문,광화문,main,down,sunday,20.95,22.19,38.6,34.69,423,13:00~13:30,33.21,0,0,12.3,27.64
5,2534,5_광화문,광화문,main,down,weekday,35.41,31.8,86.5,72.67,429,18:00~18:30,81.87,1,30,32.35,70.56
5,2534,5_광화문,광화문,main,up,saturday,30.94,30.0,107.8,57.84,420,17:00~17:30,58.92,0,0,16.42,49.04
5,2534,5_광화문,광화문,main,up,sunday,20.42,21.19,42.3,35.26,420,17:00~17:30,35.27,0,0,11.54,29.61
5,2534,5_광화문,광화문,main,up,weekday,34.62,31.0,78.3,68.36,429,08:00~08:30,74.44,0,0,52.8,56.75
5,2535,5_종로3가,종로3가,main,down,saturday,28.63,29.3,108.5,52.17,423,16:30~17:00,50.95,0,0,15.03,41.84
5,2535,5_종로3가,종로3가,main,down,sunday,19.36,21.2,37.2,32.2,423,17:00~17:30,32.6,0,0,10.17,28.71
5,2535,5_종로3가,종로3가,main,down,weekday,32.06,27.7,80.7,66.28,429,18:00~18:30,76.8,0,0,26.54,65.63
5,2535,5_종로3가,종로3가,main,up,saturday,32.05,29.35,98.5,59.81,420,16:30~17:00,55.49,0,0,20.28,44.49
5,2535,5_종로3가,종로3가,main,up,sunday,21.33,22.3,50.21,33.51,420,16:00~16:30,31.43,0,0,15.17,25.87
5,2535,5_종로3가,종로3가,main,up,weekday,33.82,29.5,100.1,73.7,429,08:00~08:30,96.02,2,60,70.17,42.05
5,2536,5_을지로4가,을지로4가,main,down,saturday,26.87,27.3,98.5,49.08,423,16:30~17:00,48.5,0,0,13.72,40.37
5,2536,5_을지로4가,을지로4가,main,down,sunday,18.16,19.5,35.0,30.1,423,17:00~17:30,30.59,0,0,9.4,27.6
5,2536,5_을지로4가,을지로4가,main,down,weekday,30.76,25.7,80.01,67.39,429,18:00~18:30,78.15,0,0,22.11,66.93
5,2536,5_을지로4가,을지로4가,main,up,saturday,30.05,29.0,81.9,55.42,420,16:30~17:00,49.48,0,0,21.8,36.96
5,2536,5_을지로4가,을지로4가,main,up,sunday,20.04,20.35,42.54,32.7,420,12:30~13:00,32.66,0,0,16.01,20.78
5,2536,5_을지로4가,을지로4가,main,up,weekday,30.62,27.9,91.9,69.84,429,08:00~08:30,87.92,1,30,67.37,34.41
5,2537,5_동대문역사문화공원,동대문역사문화공원,main,down,saturday,28.56,29.2,75.3,52.16,423,17:00~17:30,51.63,0,0,14.6,44.25
5,2537,5_동대문역사문화공원,동대문역사문화공원,main,down,sunday,19.58,20.6,39.0,32.59,423,16:00~16:30,33.49,0,0,9.51,30.31
5,2537,5_동대문역사문화공원,동대문역사문화공원,main,down,weekday,32.55,27.5,83.8,72.98,429,18:00~18:30,80.47,1,30,22.31,69.76
5,2537,5_동대문역사문화공원,동대문역사문화공원,main,up,saturday,27.78,27.45,71.5,51.5,420,16:30~17:00,44.79,0,0,21.95,31.56
5,2537,5_동대문역사문화공원,동대문역사문화공원,main,up,sunday,18.53,18.55,35.8,30.5,420,12:30~13:00,31.05,0,0,15.44,18.27
5,2537,5_동대문역사문화공원,동대문역사문화공원,main,up,weekday,28.2,25.2,91.8,70.66,429,08:00~08:30,88.26,1,30,67.33,28.62
5,2538,5_청구,청구,main,down,saturday,31.98,32.6,82.3,56.29,423,16:30~17:00,56.69,0,0,16.75,48.23
5,2538,5_청구,청구,main,down,sunday,22.08,23.2,41.9,36.49,423,16:00~16:30,36.92,0,0,11.28,32.86
5,2538,5_청구,청구,main,down,weekday,35.24,30.6,86.42,78.24,429,18:00~18:30,82.53,2,60,25.69,72.98
5,2538,5_청구,청구,main,up,saturday,29.72,29.95,60.8,52.72,420,13:30~14:00,48.17,0,0,25.31,30.69
5,2538,5_청구,청구,main,up,sunday,20.11,19.5,40.0,35.08,420,13:00~13:30,34.59,0,0,16.9,18.72
5,2538,5_청구,청구,main,up,weekday,29.85,26.94,94.4,71.36,429,08:00~08:30,89.24,1,30,69.71,29.03
5,2539,5_신금호,신금호,main,down,saturday,31.62,32.2,80.2,55.29,423,16:30~17:00,57.46,0,0,16.77,47.56
5,2539,5_신금호,신금호,main,down,sunday,21.76,22.8,41.4,35.47,423,16:30~17:00,35.65,0,0,11.2,32.06
5,2539,5_신금호,신금호,main,down,weekday,35.11,29.83,84.29,75.2,429,17:30~18:00,80.23,1,30,27.43,70.8
5,2539,5_신금호,신금호,main,up,saturday,33.27,33.3,72.8,58.16,420,12:30~13:00,53.88,0,0,27.92,34.91
5,2539,5_신금호,신금호,main,up,sunday,22.45,21.77,43.4,38.83,420,13:00~13:30,38.36,0,0,18.17,21.22
5,2539,5_신금호,신금호,main,up,weekday,32.51,29.9,96.0,73.32,429,08:00~08:30,91.18,2,60,72.09,32.67
5,2540,5_행당,행당,main,down,saturday,31.71,32.0,77.9,55.1,423,16:30~17:00,56.94,0,0,17.38,46.93
5,2540,5_행당,행당,main,down,sunday,21.83,23.1,41.7,35.56,423,16:30~17:00,35.1,0,0,11.68,31.49
5,2540,5_행당,행당,main,down,weekday,35.01,30.1,83.4,71.57,429,17:30~18:00,80.08,1,30,29.85,68.68
5,2540,5_행당,행당,main,up,saturday,33.13,33.36,72.0,57.4,420,12:30~13:00,53.71,0,0,27.58,34.97
5,2540,5_행당,행당,main,up,sunday,22.37,21.92,43.0,38.11,420,13:00~13:30,37.67,0,0,17.9,21.53
5,2540,5_행당,행당,main,up,weekday,32.36,30.6,91.2,72.94,429,08:00~08:30,86.89,2,60,69.9,33.54
5,2541,5_왕십리,왕십리,main,down,saturday,39.04,40.6,94.5,67.18,423,17:00~17:30,69.95,0,0,19.17,59.54
5,2541,5_왕십리,왕십리,main,down,sunday,27.5,30.1,52.1,44.68,423,17:00~17:30,43.98,0,0,13.09,40.97
5,2541,5_왕십리,왕십리,main,down,weekday,43.62,37.1,107.31,91.6,429,17:30~18:00,102.57,4,120,31.3,87.67
5,2541,5_왕십리,왕십리,main,up,saturday,32.67,32.65,70.6,55.12,420,12:30~13:00,52.51,0,0,27.11,34.96
5,2541,5_왕십리,왕십리,main,up,sunday,22.19,22.03,41.9,36.82,420,13:00~13:30,36.78,0,0,17.71,21.97
5,2541,5_왕십리,왕십리,main,up,weekday,32.23,31.27,86.8,71.07,429,08:00~08:30,82.19,1,30,67.31,35.33
5,2542,5_마장,마장,main,down,saturday,38.22,40.0,92.4,65.85,423,17:00~17:30,69.83,0,0,18.98,58.68
5,2542,5_마장,마장,main,down,sunday,26.99,29.5,51.6,44.09,423,17:00~17:30,43.64,0,0,13.11,40.32
5,2542,5_마장,마장,main,down,weekday,42.72,36.2,105.35,89.22,429,17:30~18:00,99.6,4,120,31.46,85.61
5,2542,5_마장,마장,main,up,saturday,40.85,41.75,82.5,69.12,420,12:30~13:00,66.09,0,0,36.8,41.78
5,2542,5_마장,마장,main,up,sunday,27.99,27.25,52.93,48.2,420,12:30~13:00,48.38,0,0,23.83,26.39
5,2542,5_마장,마장,main,up,weekday,39.82,36.7,113.7,93.86,429,08:00~08:30,109.3,3,90,90.4,39.9
5,2543,5_답십리,답십리,main,down,saturday,38.03,39.3,86.9,64.5,423,17:00~17:30,68.0,0,0,20.04,57.0
5,2543,5_답십리,답십리,main,down,sunday,26.82,28.5,50.4,42.6,423,17:00~17:30,42.54,0,0,13.78,38.87
5,2543,5_답십리,답십리,main,down,weekday,41.58,35.2,100.49,87.76,429,17:30~18:00,95.03,4,120,33.37,82.32
5,2543,5_답십리,답십리,main,up,saturday,40.11,41.3,77.3,67.81,420,12:30~13:00,64.94,0,0,36.36,40.8
5,2543,5_답십리,답십리,main,up,sunday,27.53,26.8,51.83,47.0,420,12:30~13:00,47.47,0,0,23.65,25.99
5,2543,5_답십리,답십리,main,up,weekday,39.07,35.83,111.81,92.17,429,08:00~08:30,108.15,2,60,89.21,39.06
5,2544,5_장한평,장한평,main,down,saturday,37.55,38.0,81.4,63.71,423,17:30~18:00,64.92,0,0,20.9,56.55
5,2544,5_장한평,장한평,main,down,sunday,26.63,28.0,48.1,42.07,423,17:30~18:00,41.73,0,0,14.37,39.26
5,2544,5_장한평,장한평,main,down,weekday,40.96,35.0,99.12,87.82,429,17:30~18:00,93.35,4,120,35.5,81.65
5,2544,5_장한평,장한평,main,up,saturday,38.79,40.05,74.5,65.4,420,12:00~12:30,61.8,0,0,34.51,39.98
5,2544,5_장한평,장한평,main,up,sunday,26.76,26.7,50.0,44.9,420,13:00~13:30,45.12,0,0,22.46,25.9
5,2544,5_장한평,장한평,main,up,weekday,37.73,35.64,102.3,84.73,429,08:00~08:30,98.84,2,60,82.23,39.06
5,2545,5_군자,군자,main,down,saturday,45.37,45.6,88.28,73.1,423,16:30~17:00,78.1,0,0,29.74,63.62
5,2545,5_군자,군자,main,down,sunday,32.65,35.3,57.2,50.29,423,16:30~17:00,50.27,0,0,20.16,45.05
5,2545,5_군자,군자,main,down,weekday,49.26,44.6,120.48,94.41,429,17:30~18:00,111.33,5,150,53.3,91.04
5,2545,5_군자,군자,main,up,saturday,37.92,39.15,72.9,63.32,423,13:00~13:30,59.67,0,0,34.05,39.06
5,2545,5_군자,군자,main,up,sunday,26.4,26.82,48.1,43.99,423,13:00~13:30,44.66,0,0,21.79,25.72
5,2545,5_군자,군자,main,up,weekday,37.11,35.0,97.69,82.24,429,08:00~08:30,92.68,2,60,78.77,38.9
5,2546,5_아차산,아차산,main,down,saturday,43.58,43.0,84.6,70.49,423,16:30~17:00,74.63,0,0,29.44,61.54
5,2546,5_아차산,아차산,main,down,sunday,31.26,33.4,56.6,49.37,423,16:30~17:00,49.47,0,0,19.37,43.58
5,2546,5_아차산,아차산,main,down,weekday,48.03,44.3,115.65,90.58,429,17:30~18:00,106.45,4,120,55.19,85.06
5,2546,5_아차산,아차산,main,up,saturday,45.92,48.28,85.2,73.07,423,13:00~13:30,71.4,0,0,40.64,48.5
5,2546,5_아차산,아차산,main,up,sunday,32.07,34.0,57.1,50.49,423,13:00~13:30,52.73,0,0,25.87,32.91
5,2546,5_아차산,아차산,main,up,weekday,45.25,43.1,105.71,90.47,429,08:00~08:30,99.57,3,90,87.84,53.26
5,2547,5_광나루,광나루,main,down,saturday,42.95,42.3,82.75,69.07,423,16:30~17:00,72.43,0,0,27.81,60.16
5,2547,5_광나루,광나루,main,down,sunday,30.82,32.5,55.4,48.49,423,16:30~17:00,48.16,0,0,18.33,42.76
5,2547,5_광나루,광나루,main,down,weekday,46.66,43.6,112.6,87.82,429,17:30~18:00,103.23,4,120,53.34,83.02
5,2547,5_광나루,광나루,main,up,saturday,44.11,46.3,81.8,70.01,420,13:00~13:30,68.23,0,0,38.51,46.05
5,2547,5_광나루,광나루,main,up,sunday,30.78,32.7,55.3,48.8,420,13:00~13:30,50.45,0,0,24.48,31.04
5,2547,5_광나루,광나루,main,up,weekday,43.36,40.7,100.92,87.18,429,07:30~08:00,94.99,2,60,83.27,52.85
5,2548,5_천호,천호,main,down,saturday,37.84,38.2,73.0,61.97,423,17:00~17:30,66.23,0,0,23.03,56.23
5,2548,5_천호,천호,main,down,sunday,27.58,28.49,51.4,44.45,423,17:00~17:30,45.32,0,0,15.0,41.13
5,2548,5_천호,천호,main,down,weekday,42.32,39.5,93.4,85.02,429,18:00~18:30,88.15,3,90,40.21,79.97
5,2548,5_천호,천호,main,up,saturday,42.66,44.9,78.8,68.5,420,12:30~13:00,65.12,0,0,38.58,44.65
5,2548,5_천호,천호,main,up,sunday,29.96,31.83,56.1,48.5,420,12:30~13:00,48.74,0,0,24.83,30.43
5,2548,5_천호,천호,main,up,weekday,42.04,39.6,99.4,83.2,429,07:30~08:00,93.72,2,60,80.45,51.69
5,2549,5_강동,강동,main,down,saturday,30.87,30.5,71.2,57.28,423,17:00~17:30,58.9,0,0,20.98,46.68
5,2549,5_강동,강동,main,down,sunday,22.6,22.3,52.8,43.97,423,17:00~17:30,40.92,0,0,13.52,34.35
5,2549,5_강동,강동,main,down,weekday,34.04,31.1,94.5,66.92,429,18:30~19:00,80.69,1,30,29.39,61.67
5,2549,5_강동,강동,main,up,saturday,39.27,41.3,76.1,65.68,423,12:30~13:00,66.46,0,0,37.88,39.54
5,2549,5_강동,강동,main,up,sunday,27.77,27.7,56.6,46.5,423,12:30~13:00,50.74,0,0,24.31,26.8
5,2549,5_강동,강동,main,up,weekday,38.38,37.6,96.4,76.66,429,08:00~08:30,84.92,1,30,72.99,42.6
5,2550,5_길동,길동,main,down,saturday,43.77,46.5,83.8,71.7,423,17:30~18:00,74.05,0,0,26.58,67.18
5,2550,5_길동,길동,main,down,sunday,31.54,31.9,60.4,54.48,423,17:30~18:00,54.41,0,0,17.77,50.92
5,2550,5_길동,길동,main,down,weekday,52.0,44.9,135.3,118.24,429,17:30~18:00,129.98,6,180,35.96,108.66
5,2550,5_길동,길동,main,up,saturday,49.73,54.1,100.5,85.47,423,12:00~12:30,84.3,3,90,54.31,47.04
5,2550,5_길동,길동,main,up,sunday,34.83,34.7,71.1,62.28,423,12:30~13:00,63.23,0,0,34.18,31.41
5,2550,5_길동,길동,main,up,weekday,49.5,46.8,140.9,105.0,429,08:30~09:00,108.82,4,120,96.96,48.43
5,2551,5_굽은다리,굽은다리,main,down,saturday,39.34,42.0,74.1,64.3,423,17:30~18:00,65.35,0,0,24.8,59.61
5,2551,5_굽은다리,굽은다리,main,down,sunday,28.33,29.1,53.1,48.27,423,17:30~18:00,48.24,0,0,16.37,45.1
5,2551,5_굽은다리,굽은다리,main,down,weekday,47.04,40.6,116.1,106.28,429,18:00~18:30,110.29,4,120,34.1,97.08
5,2551,5_굽은다리,굽은다리,main,up,saturday,46.48,52.29,94.6,78.6,420,12:00~12:30,78.25,0,0,51.29,43.68
5,2551,5_굽은다리,굽은다리,main,up,sunday,32.55,32.62,66.9,57.5,420,12:30~13:00,58.82,0,0,32.08,29.14
5,2551,5_굽은다리,굽은다리,main,up,weekday,46.33,43.9,131.5,99.72,429,09:00~09:30,102.51,4,120,92.18,43.84
5,2552,5_명일,명일,main,down,saturday,36.03,38.2,68.3,58.19,423,17:30~18:00,57.54,0,0,23.32,54.46
5,2552,5_명일,명일,main,down,sunday,25.99,26.7,48.0,43.99,423,18:00~18:30,42.75,0,0,14.65,41.25
5,2552,5_명일,명일,main,down,weekday,42.94,37.0,102.5,94.28,429,18:00~18:30,98.9,3,90,33.05,86.78
5,2552,5_명일,명일,main,up,saturday,41.57,46.6,91.4,70.6,420,12:00~12:30,72.79,0,0,45.35,38.88
5,2552,5_명일,명일,main,up,sunday,28.95,29.0,58.6,51.2,420,12:30~13:00,51.26,0,0,28.41,26.02
5,2552,5_명일,명일,main,up,weekday,42.02,39.8,116.1,90.06,429,07:30~08:00,94.26,4,120,82.39,40.68
5,2553,5_고덕,고덕,main,down,saturday,31.7,33.8,62.3,52.38,423,17:00~17:30,52.06,0,0,19.0,49.07
5,2553,5_고덕,고덕,main,down,sunday,23.19,24.4,43.1,39.06,423,18:00~18:30,38.47,0,0,12.95,36.94
5,2553,5_고덕,고덕,main,down,weekday,37.13,30.35,100.9,83.92,429,18:00~18:30,93.3,3,90,25.89,77.95
5,2553,5_고덕,고덕,main,up,saturday,38.34,42.9,84.1,64.38,420,12:00~12:30,66.2,0,0,41.79,36.69
5,2553,5_고덕,고덕,main,up,sunday,26.65,27.65,51.1,45.5,420,10:00~10:30,45.26,0,0,26.69,25.0
5,2553,5_고덕,고덕,main,up,weekday,38.65,38.2,103.1,81.65,429,07:30~08:00,84.66,2,60,73.99,38.91
5,2554,5_상일동,상일동,main,down,saturday,24.8,26.2,49.9,40.46,423,18:00~18:30,40.59,0,0,16.1,38.11
5,2554,5_상일동,상일동,main,down,sunday,18.49,19.8,34.1,30.06,423,18:00~18:30,29.41,0,0,11.45,28.26
5,2554,5_상일동,상일동,main,down,weekday,27.29,22.1,71.9,59.98,429,18:00~18:30,68.49,0,0,21.58,55.84
5,2554,5_상일동,상일동,main,up,saturday,33.76,37.85,75.0,56.73,420,12:00~12:30,56.77,0,0,38.15,31.91
5,2554,5_상일동,상일동,main,up,sunday,23.91,24.95,46.46,41.8,420,10:00~10:30,42.06,0,0,24.19,22.57
5,2554,5_상일동,상일동,main,up,weekday,33.01,32.0,89.4,74.36,429,07:30~08:00,78.4,0,0,67.14,32.16
5,2555,5_둔촌동,둔촌동,main,down,saturday,29.51,28.2,77.8,52.17,423,16:30~17:00,53.77,0,0,26.29,38.0
5,2555,5_둔촌동,둔촌동,main,down,sunday,22.36,21.4,67.6,43.51,423,14:30~15:00,39.53,0,0,16.32,26.19
5,2555,5_둔촌동,둔촌동,main,down,weekday,29.0,26.49,89.4,59.86,429,08:00~08:30,76.69,0,0,50.92,34.97
5,2555,5_둔촌동,둔촌동,main,up,saturday,34.45,36.6,192.8,54.12,420,21:30~22:00,51.1,0,0,25.2,35.9
5,2555,5_둔촌동,둔촌동,main,up,sunday,25.49,27.0,105.8,40.91,420,20:30~21:00,46.64,0,0,16.34,27.69
5,2555,5_둔촌동,둔촌동,main,up,weekday,34.79,33.1,74.2,61.74,429,08:00~08:30,64.29,0,0,53.77,49.92
5,2556,5_올림픽공원,올림픽공원,main,down,saturday,23.42,24.3,44.7,35.96,423,17:00~17:30,36.69,0,0,21.29,30.65
5,2556,5_올림픽공원,올림픽공원,main,down,sunday,17.51,18.3,35.5,28.59,423,18:30~19:00,26.42,0,0,12.92,24.15
5,2556,5_올림픽공원,올림픽공원,main,down,weekday,26.97,25.5,72.6,54.58,429,08:00~08:30,61.69,0,0,40.05,36.02
5,2556,5_올림픽공원,올림픽공원,main,up,saturday,31.76,33.35,192.1,51.4,420,21:30~22:00,50.5,0,0,22.73,33.84
5,2556,5_올림픽공원,올림픽공원,main,up,sunday,23.23,24.22,102.0,39.98,420,20:30~21:00,43.96,0,0,14.66,26.05
5,2556,5_올림픽공원,올림픽공원,main,up,weekday,32.53,30.6,74.6,56.2,429,18:30~19:00,62.81,0,0,46.11,49.65
5,2557,5_방이,방이,main,down,saturday,20.78,21.2,41.1,32.52,423,17:00~17:30,32.88,0,0,18.71,26.97
5,2557,5_방이,방이,main,down,sunday,15.48,15.92,33.2,26.17,423,17:00~17:30,24.12,0,0,10.91,21.8
5,2557,5_방이,방이,main,down,weekday,23.98,22.8,64.9,46.89,429,08:00~08:30,54.53,0,0,35.18,32.64
5,2557,5_방이,방이,main,up,saturday,25.36,26.95,70.5,42.31,420,13:00~13:30,43.16,0,0,23.56,26.72
5,2557,5_방이,방이,main,up,sunday,18.49,18.2,44.9,32.3,420,13:00~13:30,34.58,0,0,15.56,18.71
5,2557,5_방이,방이,main,up,weekday,29.42,26.79,73.8,54.05,426,08:00~08:30,59.37,0,0,49.9,42.67
5,2558,5_오금,오금,main,down,saturday,16.96,17.5,35.3,29.18,423,17:00~17:30,28.81,0,0,11.58,25.66
5,2558,5_오금,오금,main,down,sunday,12.7,13.2,31.4,22.39,423,16:30~17:00,21.57,0,0,7.24,19.78
5,2558,5_오금,오금,main,down,weekday,19.89,19.8,56.4,39.28,429,18:30~19:00,45.73,0,0,14.19,33.55
5,2558,5_오금,오금,main,up,saturday,22.19,23.5,50.1,37.82,420,13:00~13:30,37.88,0,0,21.3,23.35
5,2558,5_오금,오금,main,up,sunday,16.11,15.91,35.3,28.3,420,13:00~13:30,28.27,0,0,14.02,16.4
5,2558,5_오금,오금,main,up,weekday,26.16,23.74,65.0,48.25,426,08:00~08:30,52.2,0,0,44.6,38.08
5,2559,5_개롱,개롱,main,down,saturday,12.12,12.4,25.5,20.86,423,17:00~17:30,20.42,0,0,7.36,18.64
5,2559,5_개롱,개롱,main,down,sunday,9.15,9.4,23.0,16.49,423,17:00~17:30,15.59,0,0,5.1,14.4
5,2559,5_개롱,개롱,main,down,weekday,14.54,14.2,42.6,29.31,429,18:30~19:00,34.35,0,0,10.01,25.04
5,2559,5_개롱,개롱,main,up,saturday,17.91,19.15,48.3,32.6,420,12:00~12:30,31.03,0,0,22.25,15.37
5,2559,5_개롱,개롱,main,up,sunday,12.74,12.3,32.1,25.11,420,09:30~10:00,24.16,0,0,14.32,10.68
5,2559,5_개롱,개롱,main,up,weekday,20.44,18.5,73.6,50.78,426,08:00~08:30,58.69,0,0,49.08,18.37
5,2560,5_거여,거여,main,down,saturday,5.33,5.3,11.8,8.9,423,17:00~17:30,8.78,0,0,3.2,7.83
5,2560,5_거여,거여,main,down,sunday,4.18,4.3,10.1,7.5,423,18:30~19:00,6.56,0,0,2.71,6.02
5,2560,5_거여,거여,main,down,weekday,5.92,5.7,18.4,12.12,429,18:30~19:00,14.14,0,0,3.57,10.01
5,2560,5_거여,거여,main,up,saturday,13.09,13.72,27.9,24.1,420,09:30~10:00,21.86,0,0,17.24,10.82
5,2560,5_거여,거여,main,up,sunday,9.42,9.1,24.0,18.4,420,09:30~10:00,17.93,0,0,10.94,7.62
5,2560,5_거여,거여,main,up,weekday,15.16,13.6,58.0,40.78,426,08:00~08:30,46.97,0,0,39.14,12.21
5,2561,5_마천,마천,main,down,saturday,0.0,0.0,0.0,0.0,423,20:00~20:30,0.0,0,0,0.0,0.0
5,2561,5_마천,마천,main,down,sunday,0.0,0.0,0.1,0.0,423,20:00~20:30,0.01,0,0,0.0,0.0
5,2561,5_마천,마천,main,down,weekday,0.0,0.0,0.0,0.0,429,21:00~21:30,0.0,0,0,0.0,0.0
5,2561,5_마천,마천,main,up,saturday,5.56,5.99,12.1,10.3,420,09:00~09:30,9.35,0,0,7.89,4.61
5,2561,5_마천,마천,main,up,sunday,4.19,4.1,11.6,8.4,420,10:00~10:30,7.91,0,0,4.91,3.39
5,2561,5_마천,마천,main,up,weekday,6.33,5.4,27.5,18.22,426,07:30~08:00,21.41,0,0,17.49,4.59
5,2562,5_강일,강일,main,down,saturday,22.66,23.8,43.8,36.19,423,23:30~24:00,35.48,0,0,15.16,33.36
5,2562,5_강일,강일,main,down,sunday,16.89,18.1,29.3,26.4,423,18:00~18:30,25.89,0,0,11.05,24.73
5,2562,5_강일,강일,main,down,weekday,24.55,21.2,62.21,51.66,429,18:00~18:30,59.38,0,0,21.09,49.58
5,2562,5_강일,강일,main,up,saturday,27.48,30.5,55.2,42.99,420,12:00~12:30,42.28,0,0,29.05,28.21
5,2562,5_강일,강일,main,up,sunday,20.03,21.25,35.91,32.0,420,10:00~10:30,31.76,0,0,18.81,21.01
5,2562,5_강일,강일,main,up,weekday,28.58,25.7,83.1,63.79,426,08:00~08:30,72.23,0,0,61.47,30.35
5,2563,5_미사,미사,main,down,saturday,13.76,14.5,27.75,20.69,423,23:30~24:00,20.33,0,0,10.26,18.53
5,2563,5_미사,미사,main,down,sunday,10.5,11.2,18.2,15.5,423,17:00~17:30,14.91,0,0,8.17,13.79
5,2563,5_미사,미사,main,down,weekday,14.15,13.3,29.99,23.8,429,18:00~18:30,28.7,0,0,15.56,23.67
5,2563,5_미사,미사,main,up,saturday,24.17,26.65,41.56,36.78,420,16:00~16:30,35.28,0,0,24.1,26.09
5,2563,5_미사,미사,main,up,sunday,17.84,19.08,30.25,27.12,420,13:00~13:30,26.48,0,0,15.53,19.83
5,2563,5_미사,미사,main,up,weekday,24.32,21.8,70.7,48.78,426,07:30~08:00,62.14,0,0,50.4,26.41
5,2564,5_하남풍산,하남풍산,main,down,saturday,11.6,12.38,22.77,17.8,419,17:00~17:30,17.09,0,0,7.87,15.78
5,2564,5_하남풍산,하남풍산,main,down,sunday,8.79,9.5,15.4,13.46,419,17:00~17:30,13.06,0,0,5.7,11.9
5,2564,5_하남풍산,하남풍산,main,down,weekday,11.38,10.6,27.11,20.0,426,18:00~18:30,25.98,0,0,9.73,20.38
5,2564,5_하남풍산,하남풍산,main,up,saturday,14.91,16.4,31.77,22.91,420,16:00~16:30,21.17,0,0,14.58,17.95
5,2564,5_하남풍산,하남풍산,main,up,sunday,11.34,12.45,20.9,17.9,420,13:00~13:30,16.76,0,0,9.22,14.19
5,2564,5_하남풍산,하남풍산,main,up,weekday,14.76,14.42,31.9,27.95,426,18:00~18:30,30.36,0,0,24.91,19.12
5,2565,5_하남시청,하남시청,main,down,saturday,5.77,6.1,10.71,9.01,415,09:30~10:00,8.47,0,0,4.44,6.76
5,2565,5_하남시청,하남시청,main,down,sunday,4.69,5.02,10.2,7.5,415,09:30~10:00,7.67,0,0,3.72,5.4
5,2565,5_하남시청,하남시청,main,down,weekday,5.22,5.1,11.5,8.95,426,18:00~18:30,10.86,0,0,4.52,8.59
5,2565,5_하남시청,하남시청,main,up,saturday,12.75,13.75,29.06,19.5,420,16:00~16:30,17.37,0,0,12.58,15.43
5,2565,5_하남시청,하남시청,main,up,sunday,9.41,10.3,17.8,14.81,420,18:00~18:30,13.56,0,0,7.86,12.07
5,2565,5_하남시청,하남시청,main,up,weekday,11.91,11.9,26.5,21.88,426,07:30~08:00,24.01,0,0,21.21,12.79
5,2566,5_하남검단산,하남검단산,main,down,saturday,0.0,0.0,0.08,0.0,419,19:00~19:30,0.01,0,0,0.0,0.0
5,2566,5_하남검단산,하남검단산,main,down,sunday,0.0,0.0,0.0,0.0,419,08:00~08:30,0.0,0,0,0.0,0.0
5,2566,5_하남검단산,하남검단산,main,down,weekday,0.0,0.0,0.0,0.0,426,11:30~12:00,0.0,0,0,0.0,0.0
5,2566,5_하남검단산,하남검단산,main,up,saturday,6.33,6.6,16.8,9.95,420,18:00~18:30,11.65,0,0,5.56,8.83
5,2566,5_하남검단산,하남검단산,main,up,sunday,5.02,5.3,13.1,8.4,420,18:00~18:30,9.46,0,0,3.48,7.52
5,2566,5_하남검단산,하남검단산,main,up,weekday,5.48,5.53,12.1,9.98,426,07:30~08:00,10.86,0,0,9.7,5.76
5,9005,5_강동@macheon_branch,강동,macheon_branch,down,saturday,32.45,31.2,81.8,56.36,347,16:30~17:00,59.01,0,0,27.47,42.8
5,9005,5_강동@macheon_branch,강동,macheon_branch,down,sunday,24.58,23.5,71.9,45.29,347,14:30~15:00,43.85,0,0,17.79,29.01
5,9005,5_강동@macheon_branch,강동,macheon_branch,down,weekday,31.88,30.5,87.6,58.6,351,08:00~08:30,73.65,0,0,47.52,42.65
5,9005,5_강동@macheon_branch,강동,macheon_branch,up,saturday,0.0,0.0,0.0,0.0,111,22:30~23:00,0.0,0,0,0.0,0.0
5,9005,5_강동@macheon_branch,강동,macheon_branch,up,sunday,0.0,0.0,0.0,0.0,111,20:00~20:30,0.0,0,0,0.0,0.0
5,9005,5_강동@macheon_branch,강동,macheon_branch,up,weekday,0.07,0.0,3.2,0.0,114,24:30~25:00,2.7,0,0,0.0,0.0
6,2611,6_응암,응암,main,down,saturday,23.09,26.2,43.8,36.99,423,16:00~16:30,36.08,0,0,23.23,26.35
6,2611,6_응암,응암,main,down,sunday,16.48,17.9,30.5,26.91,423,13:00~13:30,26.64,0,0,15.43,17.86
6,2611,6_응암,응암,main,down,weekday,21.04,20.26,67.9,52.59,429,08:00~08:30,64.76,0,0,48.26,20.02
6,2611,6_응암,응암,main,up,saturday,10.77,7.4,42.5,30.37,423,16:30~17:00,19.56,0,0,8.74,13.36
6,2611,6_응암,응암,main,up,sunday,8.13,5.1,32.0,24.2,423,16:30~17:00,14.52,0,0,6.17,9.88
6,2611,6_응암,응암,main,up,weekday,10.19,10.4,48.9,28.86,429,18:30~19:00,26.35,0,0,9.31,18.81
6,2612,6_역촌,역촌,main,down,saturday,19.22,21.1,37.2,27.35,423,09:30~10:00,26.7,0,0,17.09,23.08
6,2612,6_역촌,역촌,main,down,sunday,14.13,15.6,24.7,20.7,423,09:30~10:00,20.48,0,0,11.39,16.88
6,2612,6_역촌,역촌,main,down,weekday,18.05,17.09,43.0,32.52,429,18:30~19:00,41.5,0,0,19.77,30.91
6,2612,6_역촌,역촌,main,up,saturday,0.0,0.0,0.0,0.0,39,08:00~08:30,0.0,0,0,0.0,0.0
6,2612,6_역촌,역촌,main,up,sunday,0.0,0.0,0.0,0.0,39,05:30~06:00,0.0,0,0,0.0,0.0
6,2612,6_역촌,역촌,main,up,weekday,0.0,0.0,0.0,0.0,78,09:00~09:30,0.0,0,0,0.0,0.0
6,2613,6_불광,불광,main,down,saturday,11.63,12.3,23.62,18.94,423,17:00~17:30,18.8,0,0,7.35,16.88
6,2613,6_불광,불광,main,down,sunday,8.6,9.1,15.76,14.39,423,16:30~17:00,14.04,0,0,4.99,12.67
6,2613,6_불광,불광,main,down,weekday,10.7,10.1,27.8,20.37,429,18:30~19:00,26.8,0,0,8.89,19.78
6,2613,6_불광,불광,main,up,saturday,0.0,0.0,0.0,0.0,39,08:30~09:00,0.0,0,0,0.0,0.0
6,2613,6_불광,불광,main,up,sunday,0.0,0.0,0.0,0.0,39,05:30~06:00,0.0,0,0,0.0,0.0
6,2613,6_불광,불광,main,up,weekday,0.0,0.0,0.0,0.0,78,08:00~08:30,0.0,0,0,0.0,0.0
6,2614,6_독바위,독바위,main,down,saturday,11.45,12.0,22.61,18.3,423,17:00~17:30,18.41,0,0,8.21,15.94
6,2614,6_독바위,독바위,main,down,sunday,8.4,9.0,15.7,13.93,423,16:00~16:30,13.71,0,0,5.42,11.85
6,2614,6_독바위,독바위,main,down,weekday,10.42,9.7,23.8,18.51,429,18:30~19:00,23.01,0,0,11.66,17.48
6,2614,6_독바위,독바위,main,up,saturday,0.0,0.0,0.0,0.0,39,12:00~12:30,0.0,0,0,0.0,0.0
6,2614,6_독바위,독바위,main,up,sunday,0.0,0.0,0.0,0.0,39,05:30~06:00,0.0,0,0,0.0,0.0
6,2614,6_독바위,독바위,main,up,weekday,0.0,0.0,0.0,0.0,78,05:30~06:00,0.0,0,0,0.0,0.0
6,2615,6_연신내,연신내,main,down,saturday,18.97,19.6,39.5,31.45,423,16:00~16:30,31.81,0,0,14.47,25.98
6,2615,6_연신내,연신내,main,down,sunday,13.68,15.0,24.6,22.7,423,16:00~16:30,22.5,0,0,9.57,18.61
6,2615,6_연신내,연신내,main,down,weekday,17.38,16.6,35.98,30.77,429,08:00~08:30,34.89,0,0,27.42,23.82
6,2615,6_연신내,연신내,main,up,saturday,0.0,0.0,0.0,0.0,39,08:00~08:30,0.0,0,0,0.0,0.0
6,2615,6_연신내,연신내,main,up,sunday,0.0,0.0,0.0,0.0,39,05:30~06:00,0.0,0,0,0.0,0.0
6,2615,6_연신내,연신내,main,up,weekday,0.0,0.0,0.0,0.0,78,08:00~08:30,0.0,0,0,0.0,0.0
6,2616,6_구산,구산,main,down,saturday,19.95,21.4,39.0,32.59,423,16:00~16:30,32.53,0,0,17.52,25.18
6,2616,6_구산,구산,main,down,sunday,14.3,15.7,26.0,23.24,423,16:00~16:30,22.57,0,0,11.75,17.53
6,2616,6_구산,구산,main,down,weekday,18.05,18.1,46.5,37.18,429,08:00~08:30,45.04,0,0,34.24,20.43
6,2616,6_구산,구산,main,up,saturday,0.0,0.0,0.0,0.0,39,12:00~12:30,0.0,0,0,0.0,0.0
6,2616,6_구산,구산,main,up,sunday,0.0,0.0,0.0,0.0,39,05:30~06:00,0.0,0,0,0.0,0.0
6,2616,6_구산,구산,main,up,weekday,0.0,0.0,0.0,0.0,78,05:30~06:00,0.0,0,0,0.0,0.0
6,2617,6_새절,새절,main,down,saturday,26.1,31.2,49.9,41.98,423,12:30~13:00,40.66,0,0,28.44,28.36
6,2617,6_새절,새절,main,down,sunday,18.67,19.8,34.9,30.99,423,13:00~13:30,30.68,0,0,18.94,19.06
6,2617,6_새절,새절,main,down,weekday,23.85,22.6,82.5,59.98,429,08:00~08:30,79.71,0,0,57.27,21.83
6,2617,6_새절,새절,main,up,saturday,22.89,23.4,59.3,35.2,423,16:30~17:00,34.22,0,0,14.85,32.1
6,2617,6_새절,새절,main,up,sunday,16.83,18.3,30.4,25.69,423,16:30~17:00,25.13,0,0,10.21,24.2
6,2617,6_새절,새절,main,up,weekday,22.17,17.5,69.0,49.3,429,18:30~19:00,66.08,0,0,13.57,46.89
6,2618,6_증산,증산,main,down,saturday,28.88,34.0,53.6,46.39,423,12:30~13:00,46.19,0,0,32.55,30.67
6,2618,6_증산,증산,main,down,sunday,20.64,21.42,38.6,34.5,423,10:00~10:30,34.81,0,0,21.63,20.46
6,2618,6_증산,증산,main,down,weekday,26.35,24.3,94.0,67.47,429,08:00~08:30,89.9,1,30,65.71,22.84
6,2618,6_증산,증산,main,up,saturday,25.89,26.19,69.5,40.88,423,17:30~18:00,39.48,0,0,15.06,37.66
6,2618,6_증산,증산,main,up,sunday,19.14,20.2,36.4,30.28,423,17:30~18:00,29.38,0,0,10.58,28.58
6,2618,6_증산,증산,main,up,weekday,25.75,19.5,80.9,63.85,429,18:30~19:00,78.32,0,0,13.14,57.83
6,2619,6_디지털미디어시티,디지털미디어시티,main,down,saturday,29.21,34.2,67.5,48.78,423,12:30~13:00,47.91,0,0,30.66,32.64
6,2619,6_디지털미디어시티,디지털미디어시티,main,down,sunday,20.38,20.9,41.3,35.5,423,12:30~13:00,35.76,0,0,20.37,20.22
6,2619,6_디지털미디어시티,디지털미디어시티,main,down,weekday,26.99,25.74,91.5,67.8,429,08:00~08:30,88.39,1,30,65.71,28.37
6,2619,6_디지털미디어시티,디지털미디어시티,main,up,saturday,28.28,27.95,78.6,46.6,420,22:00~22:30,45.45,0,0,14.82,43.05
6,2619,6_디지털미디어시티,디지털미디어시티,main,up,sunday,21.06,21.54,42.1,34.71,420,18:30~19:00,33.61,0,0,10.65,32.71
6,2619,6_디지털미디어시티,디지털미디어시티,main,up,weekday,28.71,21.07,93.8,72.29,429,18:30~19:00,90.28,2,60,12.62,65.83
6,2620,6_월드컵경기장,월드컵경기장,main,down,saturday,30.87,35.2,190.2,49.74,423,16:30~17:00,47.68,0,0,30.04,39.67
6,2620,6_월드컵경기장,월드컵경기장,main,down,sunday,20.88,22.7,72.0,34.9,423,12:30~13:00,35.28,0,0,20.27,21.3
6,2620,6_월드컵경기장,월드컵경기장,main,down,weekday,27.44,25.9,94.7,65.41,429,08:00~08:30,91.12,1,30,66.04,28.93
6,2620,6_월드컵경기장,월드컵경기장,main,up,saturday,28.49,28.6,111.3,47.9,420,22:00~22:30,49.61,0,0,13.81,44.31
6,2620,6_월드컵경기장,월드컵경기장,main,up,sunday,20.46,20.9,53.5,34.23,420,17:30~18:00,33.29,0,0,9.89,32.16
6,2620,6_월드컵경기장,월드컵경기장,main,up,weekday,29.12,21.3,90.0,70.55,429,18:30~19:00,86.35,1,30,16.54,64.09
6,2621,6_마포구청,마포구청,main,down,saturday,34.41,39.12,170.0,56.19,423,16:30~17:00,53.82,0,0,33.17,43.15
6,2621,6_마포구청,마포구청,main,down,sunday,23.36,25.2,67.8,40.13,423,12:30~13:00,39.56,0,0,22.74,23.62
6,2621,6_마포구청,마포구청,main,down,weekday,30.99,29.7,105.8,74.18,429,08:00~08:30,101.99,1,30,74.02,33.01
6,2621,6_마포구청,마포구청,main,up,saturday,30.64,30.9,122.1,52.0,420,17:30~18:00,49.47,0,0,15.18,47.16
6,2621,6_마포구청,마포구청,main,up,sunday,21.58,22.7,66.3,34.3,420,18:00~18:30,34.97,0,0,12.25,32.94
6,2621,6_마포구청,마포구청,main,up,weekday,29.62,22.0,108.6,77.46,429,18:30~19:00,90.39,2,60,16.83,66.34
6,2622,6_망원,망원,main,down,saturday,39.25,43.1,170.9,62.09,423,16:30~17:00,60.4,0,0,35.22,50.2
6,2622,6_망원,망원,main,down,sunday,26.89,28.8,72.8,43.49,423,12:30~13:00,43.05,0,0,24.2,29.28
6,2622,6_망원,망원,main,down,weekday,34.21,32.61,109.9,79.16,429,08:00~08:30,105.86,2,60,78.27,37.27
6,2622,6_망원,망원,main,up,saturday,33.55,34.49,125.9,57.96,420,18:00~18:30,54.22,0,0,16.18,51.28
6,2622,6_망원,망원,main,up,sunday,23.69,24.6,66.2,37.81,420,18:00~18:30,38.27,0,0,12.86,36.26
6,2622,6_망원,망원,main,up,weekday,33.0,24.16,119.3,87.6,429,18:30~19:00,96.7,2,60,18.34,73.96
6,2623,6_합정,합정,main,down,saturday,26.39,27.2,82.5,42.25,423,16:30~17:00,40.81,0,0,20.92,35.09
6,2623,6_합정,합정,main,down,sunday,18.15,19.2,42.9,29.58,423,12:30~13:00,28.42,0,0,14.23,20.84
6,2623,6_합정,합정,main,down,weekday,22.58,22.0,60.4,45.63,429,08:00~08:30,57.65,0,0,43.45,26.9
6,2623,6_합정,합정,main,up,saturday,39.23,41.5,131.8,66.11,420,17:00~17:30,64.06,0,0,17.7,58.8
6,2623,6_합정,합정,main,up,sunday,27.61,30.96,69.3,43.71,420,16:30~17:00,43.89,0,0,13.49,40.8
6,2623,6_합정,합정,main,up,weekday,36.57,29.7,122.8,92.13,429,18:30~19:00,101.45,2,60,20.01,79.39
6,2624,6_상수,상수,main,down,saturday,27.11,27.21,77.6,41.68,423,16:30~17:00,39.94,0,0,21.32,34.64
6,2624,6_상수,상수,main,down,sunday,18.94,19.7,45.2,28.4,423,12:30~13:00,27.0,0,0,14.89,21.57
6,2624,6_상수,상수,main,down,weekday,23.06,21.4,60.4,43.8,429,08:00~08:30,57.45,0,0,42.78,28.31
6,2624,6_상수,상수,main,up,saturday,26.82,27.95,77.0,46.71,420,17:00~17:30,45.59,0,0,11.17,40.87
6,2624,6_상수,상수,main,up,sunday,19.0,20.8,42.5,31.3,420,17:30~18:00,30.73,0,0,8.72,28.27
6,2624,6_상수,상수,main,up,weekday,24.32,21.4,74.3,54.47,429,18:00~18:30,66.15,0,0,14.88,50.35
6,2625,6_광흥창,광흥창,main,down,saturday,27.36,27.5,77.1,41.88,423,16:30~17:00,40.59,0,0,21.39,34.58
6,2625,6_광흥창,광흥창,main,down,sunday,18.78,19.5,40.7,29.18,423,12:30~13:00,27.84,0,0,14.23,21.46
6,2625,6_광흥창,광흥창,main,down,weekday,23.24,21.7,58.1,44.72,429,08:00~08:30,55.1,0,0,42.55,29.43
6,2625,6_광흥창,광흥창,main,up,saturday,28.78,30.2,81.6,51.81,420,17:30~18:00,50.37,0,0,11.55,45.03
6,2625,6_광흥창,광흥창,main,up,sunday,20.09,21.6,40.6,33.9,420,17:30~18:00,33.97,0,0,8.61,30.37
6,2625,6_광흥창,광흥창,main,up,weekday,25.36,22.8,83.4,54.45,429,18:00~18:30,73.27,0,0,15.97,52.64
6,2626,6_대흥,대흥,main,down,saturday,28.61,28.5,76.7,44.39,423,16:30~17:00,43.02,0,0,21.34,35.97
6,2626,6_대흥,대흥,main,down,sunday,19.54,20.4,44.8,30.0,423,12:30~13:00,29.17,0,0,14.4,22.49
6,2626,6_대흥,대흥,main,down,weekday,24.42,22.5,59.6,45.22,429,08:00~08:30,56.48,0,0,43.18,31.94
6,2626,6_대흥,대흥,main,up,saturday,28.52,30.2,81.7,52.1,420,17:30~18:00,51.3,0,0,11.25,45.82
6,2626,6_대흥,대흥,main,up,sunday,19.72,21.5,40.0,33.1,420,17:30~18:00,34.16,0,0,8.38,30.59
6,2626,6_대흥,대흥,main,up,weekday,25.21,22.6,80.7,53.41,429,18:00~18:30,70.5,0,0,16.31,51.5
6,2627,6_공덕,공덕,main,down,saturday,34.27,34.8,110.2,52.98,423,16:30~17:00,52.81,0,0,23.0,43.42
6,2627,6_공덕,공덕,main,down,sunday,23.25,24.7,48.5,36.0,423,12:30~13:00,35.21,0,0,15.59,27.53
6,2627,6_공덕,공덕,main,down,weekday,29.47,26.27,65.67,55.2,429,18:00~18:30,61.91,0,0,42.49,49.57
6,2627,6_공덕,공덕,main,up,saturday,29.62,31.2,82.0,54.06,423,17:30~18:00,53.34,0,0,12.39,47.12
6,2627,6_공덕,공덕,main,up,sunday,20.51,22.4,42.9,35.09,423,16:30~17:00,34.63,0,0,8.84,31.62
6,2627,6_공덕,공덕,main,up,weekday,26.35,24.5,80.5,56.2,429,18:00~18:30,70.9,0,0,18.7,53.07
6,2628,6_효창공원앞,효창공원앞,main,down,saturday,34.93,34.93,117.9,53.27,423,16:30~17:00,53.96,0,0,23.57,43.79
6,2628,6_효창공원앞,효창공원앞,main,down,sunday,23.56,24.4,47.9,37.36,423,12:30~13:00,36.54,0,0,15.88,27.55
6,2628,6_효창공원앞,효창공원앞,main,down,weekday,29.92,26.5,68.35,56.82,429,18:00~18:30,64.8,0,0,43.91,50.9
6,2628,6_효창공원앞,효창공원앞,main,up,saturday,35.06,36.12,98.2,61.28,423,16:30~17:00,63.2,0,0,16.73,54.07
6,2628,6_효창공원앞,효창공원앞,main,up,sunday,24.35,26.0,47.5,40.09,423,16:30~17:00,40.36,0,0,11.75,35.76
6,2628,6_효창공원앞,효창공원앞,main,up,weekday,30.59,29.9,82.0,56.74,429,18:00~18:30,73.36,0,0,33.45,55.39
6,2629,6_삼각지,삼각지,main,down,saturday,32.19,33.7,116.2,50.37,423,16:30~17:00,49.03,0,0,18.93,42.49
6,2629,6_삼각지,삼각지,main,down,sunday,21.29,22.3,43.3,34.09,423,16:30~17:00,32.18,0,0,12.1,26.75
6,2629,6_삼각지,삼각지,main,down,weekday,26.04,23.6,61.59,48.52,429,18:00~18:30,58.33,0,0,33.42,45.91
6,2629,6_삼각지,삼각지,main,up,saturday,35.03,36.6,99.2,61.67,423,16:30~17:00,62.67,0,0,16.74,54.53
6,2629,6_삼각지,삼각지,main,up,sunday,24.33,26.1,46.4,40.26,423,16:30~17:00,40.24,0,0,11.8,36.16
6,2629,6_삼각지,삼각지,main,up,weekday,30.93,30.4,78.6,56.54,429,18:00~18:30,70.98,0,0,34.9,54.75
6,2630,6_녹사평,녹사평,main,down,saturday,31.02,33.1,115.9,47.66,423,16:30~17:00,45.94,0,0,18.51,40.45
6,2630,6_녹사평,녹사평,main,down,sunday,20.73,22.3,42.0,32.4,423,16:30~17:00,30.74,0,0,11.76,26.03
6,2630,6_녹사평,녹사평,main,down,weekday,25.51,23.2,55.4,49.75,429,18:30~19:00,54.12,0,0,31.72,45.43
6,2630,6_녹사평,녹사평,main,up,saturday,31.86,33.1,90.2,56.1,423,16:30~17:00,56.28,0,0,16.34,48.04
6,2630,6_녹사평,녹사평,main,up,sunday,22.4,23.6,40.9,35.9,423,17:00~17:30,35.2,0,0,12.06,31.68
6,2630,6_녹사평,녹사평,main,up,weekday,26.63,26.0,61.5,44.57,429,18:00~18:30,54.76,0,0,32.7,43.52
6,2631,6_이태원,이태원,main,down,saturday,28.98,30.43,99.5,45.12,423,16:30~17:00,43.34,0,0,18.01,36.75
6,2631,6_이태원,이태원,main,down,sunday,21.22,22.9,45.6,30.7,423,16:30~17:00,30.13,0,0,12.26,25.64
6,2631,6_이태원,이태원,main,down,weekday,25.15,22.5,57.36,50.48,429,18:00~18:30,54.78,0,0,29.45,46.26
6,2631,6_이태원,이태원,main,up,saturday,31.15,31.6,88.4,53.54,420,16:30~17:00,55.96,0,0,16.55,46.48
6,2631,6_이태원,이태원,main,up,sunday,21.84,22.49,41.4,35.4,420,16:30~17:00,34.76,0,0,12.14,30.59
6,2631,6_이태원,이태원,main,up,weekday,25.81,24.6,60.2,43.6,429,18:00~18:30,53.01,0,0,33.03,42.12
6,2632,6_한강진,한강진,main,down,saturday,28.03,29.2,102.3,45.2,423,22:00~22:30,45.01,0,0,16.56,38.93
6,2632,6_한강진,한강진,main,down,sunday,20.73,21.9,41.5,31.68,423,16:30~17:00,30.24,0,0,11.37,28.65
6,2632,6_한강진,한강진,main,down,weekday,24.6,21.9,61.9,52.64,429,18:00~18:30,58.82,0,0,24.47,48.78
6,2632,6_한강진,한강진,main,up,saturday,31.59,32.72,88.0,54.8,423,16:30~17:00,56.76,0,0,16.38,48.19
6,2632,6_한강진,한강진,main,up,sunday,20.82,21.5,41.7,35.89,423,16:30~17:00,35.54,0,0,11.12,30.23
6,2632,6_한강진,한강진,main,up,weekday,25.66,24.0,58.0,44.62,429,18:00~18:30,50.33,0,0,34.89,40.41
6,2633,6_버티고개,버티고개,main,down,saturday,28.19,29.1,98.8,44.4,423,17:00~17:30,44.5,0,0,16.63,39.1
6,2633,6_버티고개,버티고개,main,down,sunday,20.84,22.13,41.5,31.69,423,16:30~17:00,30.12,0,0,11.49,28.55
6,2633,6_버티고개,버티고개,main,down,weekday,24.71,22.1,59.08,53.3,429,18:00~18:30,56.38,0,0,24.84,48.49
6,2633,6_버티고개,버티고개,main,up,saturday,32.4,30.2,83.0,56.88,423,16:30~17:00,57.35,0,0,18.09,45.41
6,2633,6_버티고개,버티고개,main,up,sunday,21.35,20.2,43.4,37.9,423,14:30~15:00,36.18,0,0,12.28,27.22
6,2633,6_버티고개,버티고개,main,up,weekday,25.75,23.95,52.65,43.03,429,08:00~08:30,49.59,0,0,38.52,37.11
6,2634,6_약수,약수,main,down,saturday,30.26,32.1,92.9,48.8,423,17:00~17:30,47.83,0,0,17.06,42.12
6,2634,6_약수,약수,main,down,sunday,22.54,24.2,40.3,34.0,423,18:00~18:30,32.21,0,0,11.82,30.71
6,2634,6_약수,약수,main,down,weekday,29.03,25.7,79.34,66.72,429,18:30~19:00,77.02,0,0,23.29,62.34
6,2634,6_약수,약수,main,up,saturday,32.49,30.7,83.6,56.58,423,16:30~17:00,57.28,0,0,18.05,45.61
6,2634,6_약수,약수,main,up,sunday,21.45,20.3,43.2,37.99,423,14:30~15:00,36.26,0,0,12.25,27.43
6,2634,6_약수,약수,main,up,weekday,25.86,24.2,52.72,42.56,429,08:00~08:30,49.57,0,0,38.38,37.19
6,2635,6_청구,청구,main,down,saturday,28.69,30.9,81.7,45.69,423,17:00~17:30,43.79,0,0,16.75,39.17
6,2635,6_청구,청구,main,down,sunday,21.67,24.0,36.3,32.07,423,17:00~17:30,30.29,0,0,11.51,28.84
6,2635,6_청구,청구,main,down,weekday,28.93,26.4,81.29,68.74,429,18:30~19:00,79.35,0,0,22.88,63.51
6,2635,6_청구,청구,main,up,saturday,33.77,35.08,77.4,55.33,423,16:30~17:00,55.22,0,0,27.56,42.7
6,2635,6_청구,청구,main,up,sunday,22.93,23.4,44.8,39.18,423,14:30~15:00,38.07,0,0,17.16,27.01
6,2635,6_청구,청구,main,up,weekday,29.2,27.3,71.9,59.06,429,08:00~08:30,69.28,0,0,54.1,35.21
6,2636,6_신당,신당,main,down,saturday,32.57,35.7,88.9,50.9,423,22:00~22:30,49.57,0,0,17.2,44.77
6,2636,6_신당,신당,main,down,sunday,24.64,27.0,42.3,37.49,423,21:00~21:30,37.01,0,0,12.19,33.55
6,2636,6_신당,신당,main,down,weekday,34.42,30.5,101.0,85.06,429,18:30~19:00,97.89,2,60,23.88,77.97
6,2636,6_신당,신당,main,up,saturday,31.49,33.5,67.2,51.89,423,16:30~17:00,49.99,0,0,28.32,38.3
6,2636,6_신당,신당,main,up,sunday,21.93,23.51,41.6,37.98,423,13:00~13:30,36.72,0,0,17.92,25.47
6,2636,6_신당,신당,main,up,weekday,28.83,26.5,74.4,60.44,429,08:00~08:30,72.34,0,0,56.1,33.6
6,2637,6_동묘앞,동묘앞,main,down,saturday,32.57,33.65,91.4,55.39,423,17:30~18:00,53.19,0,0,16.41,49.43
6,2637,6_동묘앞,동묘앞,main,down,sunday,24.58,25.6,46.15,41.1,423,18:00~18:30,39.06,0,0,11.09,37.57
6,2637,6_동묘앞,동묘앞,main,down,weekday,36.95,31.7,118.86,88.66,429,18:30~19:00,112.4,3,90,23.71,86.69
6,2637,6_동묘앞,동묘앞,main,up,saturday,36.12,41.58,69.8,59.0,420,16:30~17:00,56.99,0,0,35.55,41.48
6,2637,6_동묘앞,동묘앞,main,up,sunday,25.8,28.3,48.9,44.02,420,13:00~13:30,43.96,0,0,22.67,28.24
6,2637,6_동묘앞,동묘앞,main,up,weekday,34.37,31.4,95.58,77.94,429,08:00~08:30,93.61,1,30,72.42,37.71
6,2638,6_창신,창신,main,down,saturday,32.23,33.9,88.1,53.8,423,17:30~18:00,51.94,0,0,16.13,48.46
6,2638,6_창신,창신,main,down,sunday,24.26,25.0,44.47,39.99,423,18:00~18:30,38.19,0,0,10.87,36.78
6,2638,6_창신,창신,main,down,weekday,35.84,30.8,115.75,87.77,429,18:30~19:00,109.46,3,90,23.02,83.26
6,2638,6_창신,창신,main,up,saturday,36.74,41.83,76.2,61.41,420,12:00~12:30,60.81,0,0,40.33,36.81
6,2638,6_창신,창신,main,up,sunday,25.8,27.35,70.3,45.76,420,13:00~13:30,45.6,0,0,25.45,24.27
6,2638,6_창신,창신,main,up,weekday,36.48,33.3,107.27,87.2,429,08:00~08:30,104.65,3,90,81.51,37.85
6,2639,6_보문,보문,main,down,saturday,29.79,31.7,76.6,50.27,423,17:00~17:30,47.78,0,0,15.1,44.46
6,2639,6_보문,보문,main,down,sunday,22.34,23.4,42.38,36.48,423,17:30~18:00,35.26,0,0,9.93,33.93
6,2639,6_보문,보문,main,down,weekday,33.47,29.9,102.23,81.1,429,18:30~19:00,96.41,2,60,23.03,75.25
6,2639,6_보문,보문,main,up,saturday,35.83,40.73,74.9,60.01,420,12:00~12:30,59.27,0,0,38.94,36.07
6,2639,6_보문,보문,main,up,sunday,25.16,26.41,70.01,44.6,420,13:00~13:30,44.28,0,0,24.54,23.81
6,2639,6_보문,보문,main,up,weekday,35.51,32.7,104.2,81.86,429,08:00~08:30,101.94,3,90,79.13,37.11
6,2640,6_안암,안암,main,down,saturday,25.72,27.6,70.2,42.69,423,17:30~18:00,43.71,0,0,12.86,39.71
6,2640,6_안암,안암,main,down,sunday,19.13,20.1,36.0,31.29,423,17:30~18:00,32.14,0,0,8.97,30.04
6,2640,6_안암,안암,main,down,weekday,29.71,23.1,96.84,79.4,429,18:30~19:00,91.51,1,30,16.41,72.84
6,2640,6_안암,안암,main,up,saturday,32.36,38.0,66.1,54.89,423,12:00~12:30,54.95,0,0,34.85,33.15
6,2640,6_안암,안암,main,up,sunday,22.77,24.3,70.62,40.23,423,13:00~13:30,39.43,0,0,22.28,21.79
6,2640,6_안암,안암,main,up,weekday,33.11,30.9,94.7,72.88,429,08:00~08:30,91.7,1,30,70.2,35.26
6,2641,6_고려대,고려대,main,down,saturday,23.11,24.3,64.1,39.48,423,17:30~18:00,40.22,0,0,11.17,36.6
6,2641,6_고려대,고려대,main,down,sunday,17.33,18.0,33.4,28.69,423,17:30~18:00,29.69,0,0,8.22,27.48
6,2641,6_고려대,고려대,main,down,weekday,27.57,20.8,92.69,75.02,429,18:30~19:00,85.68,1,30,13.98,69.76
6,2641,6_고려대,고려대,main,up,saturday,28.19,32.2,62.1,48.78,423,12:00~12:30,49.65,0,0,33.56,27.59
6,2641,6_고려대,고려대,main,up,sunday,20.1,21.18,42.2,36.18,423,13:00~13:30,35.42,0,0,21.08,18.06
6,2641,6_고려대,고려대,main,up,weekday,28.99,26.3,95.2,75.26,429,08:00~08:30,92.44,1,30,71.75,25.61
6,2642,6_월곡,월곡,main,down,saturday,20.9,22.3,55.7,35.17,423,17:30~18:00,35.62,0,0,10.82,32.34
6,2642,6_월곡,월곡,main,down,sunday,15.69,16.83,29.1,25.19,423,17:30~18:00,26.09,0,0,8.34,24.15
6,2642,6_월곡,월곡,main,down,weekday,24.56,18.7,80.41,67.14,429,18:30~19:00,74.12,0,0,13.36,61.0
6,2642,6_월곡,월곡,main,up,saturday,25.39,27.6,55.0,44.64,423,12:00~12:30,44.59,0,0,31.82,23.55
6,2642,6_월곡,월곡,main,up,sunday,18.27,18.4,38.61,32.87,423,13:00~13:30,32.26,0,0,19.75,16.05
6,2642,6_월곡,월곡,main,up,weekday,26.4,23.2,91.8,71.44,429,08:00~08:30,87.81,1,30,68.58,21.79
6,2643,6_상월곡,상월곡,main,down,saturday,19.84,21.07,50.3,32.99,423,17:30~18:00,32.77,0,0,11.0,30.32
6,2643,6_상월곡,상월곡,main,down,sunday,14.91,15.8,27.1,23.9,423,17:30~18:00,23.93,0,0,8.27,22.63
6,2643,6_상월곡,상월곡,main,down,weekday,23.21,17.8,74.82,64.03,429,18:30~19:00,68.85,0,0,13.62,57.05
6,2643,6_상월곡,상월곡,main,up,saturday,22.95,24.9,43.31,40.09,423,12:00~12:30,39.35,0,0,28.79,21.56
6,2643,6_상월곡,상월곡,main,up,sunday,16.7,17.4,34.5,29.39,423,13:00~13:30,30.06,0,0,17.92,15.04
6,2643,6_상월곡,상월곡,main,up,weekday,23.69,20.4,81.5,64.52,429,08:00~08:30,77.99,0,0,61.81,19.25
6,2644,6_돌곶이,돌곶이,main,down,saturday,18.32,19.21,43.8,28.99,423,17:00~17:30,29.47,0,0,11.13,27.1
6,2644,6_돌곶이,돌곶이,main,down,sunday,13.65,14.6,24.6,21.1,423,17:30~18:00,21.23,0,0,7.98,20.07
6,2644,6_돌곶이,돌곶이,main,down,weekday,21.29,17.3,63.1,55.42,429,18:30~19:00,61.44,0,0,14.63,50.97
6,2644,6_돌곶이,돌곶이,main,up,saturday,21.76,24.05,40.9,37.5,420,12:00~12:30,36.62,0,0,26.23,20.83
6,2644,6_돌곶이,돌곶이,main,up,sunday,15.9,16.5,32.6,27.31,420,13:00~13:30,27.31,0,0,16.44,14.64
6,2644,6_돌곶이,돌곶이,main,up,weekday,22.4,19.4,75.31,58.92,429,08:00~08:30,72.42,0,0,57.3,18.57
6,2645,6_석계,석계,main,down,saturday,19.23,19.49,44.2,29.77,423,17:00~17:30,30.2,0,0,12.35,27.28
6,2645,6_석계,석계,main,down,sunday,14.08,14.8,24.26,21.51,423,16:30~17:00,21.63,0,0,8.55,19.98
6,2645,6_석계,석계,main,down,weekday,21.11,17.5,60.3,52.37,429,18:30~19:00,58.39,0,0,17.5,48.37
6,2645,6_석계,석계,main,up,saturday,19.69,22.4,36.1,32.91,420,12:00~12:30,31.89,0,0,22.95,19.18
6,2645,6_석계,석계,main,up,sunday,14.39,14.75,27.15,24.3,420,10:00~10:30,24.41,0,0,14.46,14.07
6,2645,6_석계,석계,main,up,weekday,20.36,18.4,67.1,50.26,429,08:00~08:30,63.92,0,0,49.51,18.41
6,2646,6_태릉입구,태릉입구,main,down,saturday,10.07,10.32,24.9,15.69,423,17:00~17:30,15.42,0,0,5.91,14.44
6,2646,6_태릉입구,태릉입구,main,down,sunday,7.52,7.8,13.7,12.19,423,16:30~17:00,11.89,0,0,4.41,11.36
6,2646,6_태릉입구,태릉입구,main,down,weekday,11.59,9.54,34.8,28.5,429,18:30~19:00,33.32,0,0,9.35,26.99
6,2646,6_태릉입구,태릉입구,main,up,saturday,20.12,22.5,37.39,33.6,420,12:30~13:00,32.25,0,0,21.92,20.47
6,2646,6_태릉입구,태릉입구,main,up,sunday,14.6,14.85,25.9,24.1,420,13:00~13:30,24.24,0,0,13.75,14.89
6,2646,6_태릉입구,태릉입구,main,up,weekday,20.36,19.23,62.6,46.52,429,08:00~08:30,59.76,0,0,46.06,20.5
6,2647,6_화랑대,화랑대,main,down,saturday,5.99,6.1,14.6,9.63,423,17:00~17:30,9.5,0,0,3.56,8.62
6,2647,6_화랑대,화랑대,main,down,sunday,4.36,4.3,8.2,7.2,423,16:30~17:00,7.22,0,0,2.68,6.46
6,2647,6_화랑대,화랑대,main,down,weekday,6.65,5.7,19.73,16.22,429,18:30~19:00,18.7,0,0,5.24,15.43
6,2647,6_화랑대,화랑대,main,up,saturday,10.98,12.3,24.0,19.9,420,12:00~12:30,20.22,0,0,14.3,10.06
6,2647,6_화랑대,화랑대,main,up,sunday,8.02,7.82,18.05,14.84,420,12:00~12:30,15.37,0,0,8.77,7.44
6,2647,6_화랑대,화랑대,main,up,weekday,11.69,11.06,38.9,31.28,429,08:00~08:30,36.51,0,0,29.6,10.88
6,2648,6_봉화산,봉화산,main,down,saturday,2.38,2.27,7.1,4.29,423,14:30~15:00,4.44,0,0,1.83,3.09
6,2648,6_봉화산,봉화산,main,down,sunday,1.68,1.6,4.0,3.09,423,14:30~15:00,3.11,0,0,1.31,2.46
6,2648,6_봉화산,봉화산,main,down,weekday,2.34,1.9,8.9,6.6,429,18:30~19:00,7.76,0,0,2.56,5.5
6,2648,6_봉화산,봉화산,main,up,saturday,5.99,6.7,13.8,10.9,420,10:00~10:30,11.42,0,0,7.59,5.82
6,2648,6_봉화산,봉화산,main,up,sunday,4.53,4.6,10.3,8.2,420,10:00~10:30,9.34,0,0,4.95,4.38
6,2648,6_봉화산,봉화산,main,up,weekday,6.1,5.2,19.6,17.19,429,08:00~08:30,18.25,0,0,15.58,5.77
6,2649,6_신내,신내,main,down,saturday,2.32,2.1,9.7,6.19,423,13:30~14:00,4.19,0,0,1.73,3.24
6,2649,6_신내,신내,main,down,sunday,1.71,1.4,5.7,4.6,423,17:00~17:30,2.97,0,0,1.4,2.56
6,2649,6_신내,신내,main,down,weekday,2.09,1.8,10.0,6.46,429,19:00~19:30,5.67,0,0,1.92,4.41
6,2649,6_신내,신내,main,up,saturday,6.65,6.78,17.5,13.6,420,11:30~12:00,12.88,0,0,6.68,7.46
6,2649,6_신내,신내,main,up,sunday,5.4,5.7,15.4,10.4,420,10:00~10:30,10.39,0,0,5.15,6.26
6,2649,6_신내,신내,main,up,weekday,6.33,6.0,24.6,16.04,429,07:30~08:00,20.4,0,0,15.42,7.53
6,9006,6_응암@eungam_loop,응암,eungam_loop,down,saturday,19.5,21.1,42.3,27.9,309,16:30~17:00,27.52,0,0,15.91,24.55
6,9006,6_응암@eungam_loop,응암,eungam_loop,down,sunday,14.33,16.19,23.9,20.7,309,16:30~17:00,20.05,0,0,10.69,18.21
6,9006,6_응암@eungam_loop,응암,eungam_loop,down,weekday,18.64,17.0,48.9,34.31,312,18:30~19:00,47.2,0,0,17.2,34.2
7,2711,7_장암,장암,main,down,saturday,2.13,2.2,5.73,4.19,423,15:30~16:00,3.94,0,0,2.97,2.45
7,2711,7_장암,장암,main,down,sunday,1.65,1.6,4.98,3.7,423,15:00~15:30,3.71,0,0,1.49,2.41
7,2711,7_장암,장암,main,down,weekday,2.61,1.5,17.5,10.9,426,07:30~08:00,15.71,0,0,9.6,1.76
7,2711,7_장암,장암,main,up,saturday,0.0,0.0,0.0,0.0,420,20:00~20:30,0.0,0,0,0.0,0.0
7,2711,7_장암,장암,main,up,sunday,0.0,0.0,0.0,0.0,420,24:30~25:00,0.0,0,0,0.0,0.0
7,2711,7_장암,장암,main,up,weekday,0.0,0.0,0.0,0.0,429,21:00~21:30,0.0,0,0,0.0,0.0
7,2712,7_도봉산,도봉산,main,down,saturday,10.55,11.7,19.81,17.49,423,08:30~09:00,17.89,0,0,14.04,10.45
7,2712,7_도봉산,도봉산,main,down,sunday,8.02,8.89,16.1,13.86,423,15:00~15:30,13.95,0,0,8.1,9.34
7,2712,7_도봉산,도봉산,main,down,weekday,10.12,9.41,26.0,23.75,426,08:30~09:00,24.7,0,0,23.45,9.12
7,2712,7_도봉산,도봉산,main,up,saturday,0.72,0.6,2.8,1.72,423,11:00~11:30,1.93,0,0,0.78,0.68
7,2712,7_도봉산,도봉산,main,up,sunday,0.55,0.43,2.7,1.5,423,09:30~10:00,1.86,0,0,0.64,0.41
7,2712,7_도봉산,도봉산,main,up,weekday,0.49,0.46,1.4,1.05,429,18:00~18:30,1.2,0,0,0.4,0.89
7,2713,7_수락산,수락산,main,down,saturday,14.33,16.1,26.49,23.49,423,08:30~09:00,24.26,0,0,19.34,13.78
7,2713,7_수락산,수락산,main,down,sunday,10.83,12.2,21.4,18.5,423,15:00~15:30,18.07,0,0,11.09,12.38
7,2713,7_수락산,수락산,main,down,weekday,13.73,12.9,35.6,32.18,426,08:30~09:00,32.6,0,0,31.6,11.42
7,2713,7_수락산,수락산,main,up,saturday,10.48,11.0,17.1,14.6,423,16:30~17:00,14.92,0,0,7.8,12.88
7,2713,7_수락산,수락산,main,up,sunday,8.07,8.6,16.4,11.95,423,09:30~10:00,12.8,0,0,6.37,9.59
7,2713,7_수락산,수락산,main,up,weekday,10.42,9.14,26.1,21.05,429,18:00~18:30,24.83,0,0,10.2,19.58
7,2714,7_마들,마들,main,down,saturday,18.14,21.0,38.01,30.28,423,08:30~09:00,32.6,0,0,25.51,16.37
7,2714,7_마들,마들,main,down,sunday,13.27,14.7,24.0,22.0,423,09:30~10:00,21.14,0,0,14.54,13.99
7,2714,7_마들,마들,main,down,weekday,17.79,16.1,50.0,44.02,429,07:30~08:00,45.2,0,0,43.05,13.14
7,2714,7_마들,마들,main,up,saturday,14.18,14.9,23.04,19.82,423,16:30~17:00,20.42,0,0,9.99,18.2
7,2714,7_마들,마들,main,up,sunday,10.85,11.6,23.5,15.97,423,09:30~10:00,18.34,0,0,8.38,13.33
7,2714,7_마들,마들,main,up,weekday,14.34,11.9,35.7,29.9,429,18:00~18:30,34.33,0,0,11.73,27.86
7,2715,7_노원,노원,main,down,saturday,24.18,27.4,43.44,36.21,423,08:30~09:00,36.51,0,0,30.21,23.8
7,2715,7_노원,노원,main,down,sunday,17.6,19.8,30.0,27.26,423,15:00~15:30,26.41,0,0,17.77,19.69
7,2715,7_노원,노원,main,down,weekday,24.26,22.4,60.0,52.17,429,08:00~08:30,53.97,0,0,50.98,20.57
7,2715,7_노원,노원,main,up,saturday,17.69,18.7,30.41,25.59,423,16:30~17:00,25.75,0,0,11.9,23.45
7,2715,7_노원,노원,main,up,sunday,13.12,14.05,24.4,18.8,423,09:30~10:00,19.19,0,0,9.29,17.31
7,2715,7_노원,노원,main,up,weekday,18.54,14.7,48.51,40.88,429,18:00~18:30,46.35,0,0,13.01,37.63
7,2716,7_중계,중계,main,down,saturday,26.93,31.8,48.71,40.92,423,08:30~09:00,41.25,0,0,34.91,25.59
7,2716,7_중계,중계,main,down,sunday,19.56,21.72,34.5,30.09,423,15:00~15:30,29.03,0,0,20.77,20.87
7,2716,7_중계,중계,main,down,weekday,27.53,25.0,70.0,61.0,429,08:00~08:30,64.21,0,0,60.1,21.95
7,2716,7_중계,중계,main,up,saturday,24.12,25.5,43.41,35.48,423,16:30~17:00,35.8,0,0,17.34,32.43
7,2716,7_중계,중계,main,up,sunday,17.56,19.2,29.1,25.39,423,09:30~10:00,24.83,0,0,12.23,23.32
7,2716,7_중계,중계,main,up,weekday,25.48,21.8,63.8,56.52,429,18:00~18:30,60.79,0,0,22.43,50.2
7,2717,7_하계,하계,main,down,saturday,30.46,35.7,53.64,46.68,423,09:00~09:30,47.18,0,0,39.54,29.0
7,2717,7_하계,하계,main,down,sunday,21.87,24.48,38.5,33.7,423,09:00~09:30,32.45,0,0,23.12,23.0
7,2717,7_하계,하계,main,down,weekday,31.28,27.7,84.0,71.76,429,08:00~08:30,75.7,0,0,70.7,24.39
7,2717,7_하계,하계,main,up,saturday,26.43,27.4,46.04,38.59,423,16:30~17:00,39.48,0,0,18.53,36.39
7,2717,7_하계,하계,main,up,sunday,19.4,21.02,31.83,28.4,423,18:30~19:00,27.41,0,0,13.04,26.59
7,2717,7_하계,하계,main,up,weekday,28.53,23.8,73.6,64.38,429,18:00~18:30,68.39,0,0,24.09,57.43
7,2718,7_공릉,공릉,main,down,saturday,32.5,38.69,54.49,49.74,423,09:00~09:30,50.46,0,0,41.73,30.54
7,2718,7_공릉,공릉,main,down,sunday,23.22,26.0,40.1,36.19,423,09:30~10:00,35.32,0,0,24.43,23.99
7,2718,7_공릉,공릉,main,down,weekday,33.59,29.5,89.0,77.3,429,08:00~08:30,82.19,2,60,75.65,26.01
7,2718,7_공릉,공릉,main,up,saturday,29.08,30.6,60.1,43.51,420,16:30~17:00,45.68,0,0,19.52,40.75
7,2718,7_공릉,공릉,main,up,sunday,21.3,22.95,35.4,31.6,420,17:30~18:00,31.17,0,0,13.9,29.99
7,2718,7_공릉,공릉,main,up,weekday,32.18,26.0,88.5,74.88,429,18:30~19:00,79.08,0,0,25.44,66.17
7,2719,7_태릉입구,태릉입구,main,down,saturday,32.38,36.4,55.7,49.8,423,09:00~09:30,51.72,0,0,42.31,31.04
7,2719,7_태릉입구,태릉입구,main,down,sunday,22.96,25.3,38.3,35.59,423,10:00~10:30,35.06,0,0,24.3,23.96
7,2719,7_태릉입구,태릉입구,main,down,weekday,33.3,29.6,88.9,77.14,429,07:30~08:00,80.74,1,30,74.69,27.87
7,2719,7_태릉입구,태릉입구,main,up,saturday,30.69,32.6,56.07,47.0,423,16:30~17:00,48.86,0,0,20.3,43.93
7,2719,7_태릉입구,태릉입구,main,up,sunday,22.6,24.1,38.2,34.1,423,17:30~18:00,33.75,0,0,14.3,32.52
7,2719,7_태릉입구,태릉입구,main,up,weekday,34.42,27.5,96.1,78.8,429,18:00~18:30,85.28,2,60,27.24,71.58
7,2720,7_먹골,먹골,main,down,saturday,33.72,38.5,58.7,53.2,423,09:00~09:30,55.6,0,0,44.92,31.56
7,2720,7_먹골,먹골,main,down,sunday,23.83,26.0,42.1,37.58,423,09:30~10:00,37.76,0,0,25.76,24.2
7,2720,7_먹골,먹골,main,down,weekday,34.78,30.7,95.5,82.06,429,07:30~08:00,85.69,3,90,79.97,28.52
7,2720,7_먹골,먹골,main,up,saturday,31.09,31.9,55.6,46.79,423,16:30~17:00,47.73,0,0,20.29,43.85
7,2720,7_먹골,먹골,main,up,sunday,22.89,23.7,38.5,34.68,423,18:30~19:00,33.88,0,0,14.44,32.63
7,2720,7_먹골,먹골,main,up,weekday,34.66,27.0,90.8,78.02,429,18:00~18:30,83.11,2,60,28.23,69.21
7,2721,7_중화,중화,main,down,saturday,35.41,40.2,65.57,56.89,423,09:00~09:30,61.74,0,0,48.1,32.56
7,2721,7_중화,중화,main,down,sunday,24.93,27.1,44.94,40.09,423,09:00~09:30,40.6,0,0,27.46,24.9
7,2721,7_중화,중화,main,down,weekday,36.37,31.6,97.9,86.94,429,08:00~08:30,90.76,4,120,84.99,29.14
7,2721,7_중화,중화,main,up,saturday,32.35,32.9,62.32,49.39,423,17:30~18:00,50.36,0,0,20.43,46.58
7,2721,7_중화,중화,main,up,sunday,23.8,24.1,41.6,37.06,423,18:30~19:00,36.96,0,0,14.47,34.9
7,2721,7_중화,중화,main,up,weekday,35.85,27.86,97.8,82.0,429,18:00~18:30,87.42,2,60,27.26,72.99
7,2722,7_상봉,상봉,main,down,saturday,40.66,46.0,74.2,65.49,423,09:00~09:30,67.97,0,0,53.61,37.62
7,2722,7_상봉,상봉,main,down,sunday,29.06,31.4,52.3,46.26,423,10:00~10:30,46.83,0,0,30.55,29.19
7,2722,7_상봉,상봉,main,down,weekday,41.79,35.2,119.8,105.34,429,07:30~08:00,113.34,5,150,103.43,31.77
7,2722,7_상봉,상봉,main,up,saturday,33.84,34.9,64.51,51.9,423,17:30~18:00,54.59,0,0,20.61,49.0
7,2722,7_상봉,상봉,main,up,sunday,24.81,24.5,45.7,38.99,423,17:30~18:00,38.5,0,0,14.59,36.87
7,2722,7_상봉,상봉,main,up,weekday,38.01,30.1,105.5,87.93,429,18:00~18:30,93.29,3,90,27.53,78.18
7,2723,7_면목,면목,main,down,saturday,43.11,49.2,79.1,70.48,423,09:00~09:30,74.23,0,0,58.41,38.92
7,2723,7_면목,면목,main,down,sunday,30.64,33.1,55.9,49.79,423,10:00~10:30,52.07,0,0,33.66,29.86
7,2723,7_면목,면목,main,down,weekday,44.36,36.0,131.7,114.2,429,07:30~08:00,123.77,7,210,111.21,32.39
7,2723,7_면목,면목,main,up,saturday,38.44,40.2,70.97,58.08,423,17:30~18:00,60.99,0,0,23.86,55.34
7,2723,7_면목,면목,main,up,sunday,27.62,26.8,51.4,43.8,423,17:30~18:00,42.6,0,0,16.82,41.36
7,2723,7_면목,면목,main,up,weekday,42.79,32.8,126.7,104.12,429,18:00~18:30,108.53,3,90,27.69,91.61
7,2724,7_사가정,사가정,main,down,saturday,45.35,51.3,83.63,74.73,423,09:00~09:30,79.99,0,0,62.09,39.85
7,2724,7_사가정,사가정,main,down,sunday,32.12,34.7,59.4,52.59,423,10:00~10:30,55.25,0,0,36.05,30.42
7,2724,7_사가정,사가정,main,down,weekday,46.8,36.4,143.3,123.04,429,07:30~08:00,138.01,7,210,120.7,32.37
7,2724,7_사가정,사가정,main,up,saturday,39.99,40.7,76.99,62.8,420,17:30~18:00,65.69,0,0,23.75,59.38
7,2724,7_사가정,사가정,main,up,sunday,28.87,28.15,55.1,47.42,420,20:30~21:00,46.15,0,0,16.66,44.6
7,2724,7_사가정,사가정,main,up,weekday,45.11,33.1,132.5,110.82,429,18:30~19:00,115.07,3,90,26.88,97.16
7,2725,7_용마산,용마산,main,down,saturday,46.39,52.3,88.1,76.06,423,09:00~09:30,83.48,1,30,63.6,40.58
7,2725,7_용마산,용마산,main,down,sunday,32.79,35.7,60.8,53.99,423,10:00~10:30,56.81,0,0,37.15,30.8
7,2725,7_용마산,용마산,main,down,weekday,47.77,37.1,147.5,126.54,429,07:30~08:00,139.21,7,210,123.66,32.73
7,2725,7_용마산,용마산,main,up,saturday,42.01,42.9,80.8,67.71,420,17:30~18:00,69.11,0,0,23.59,63.84
7,2725,7_용마산,용마산,main,up,sunday,30.23,29.25,58.4,50.5,420,18:30~19:00,49.88,0,0,16.37,47.77
7,2725,7_용마산,용마산,main,up,weekday,47.52,34.7,143.3,117.34,429,18:00~18:30,130.31,4,120,25.86,104.86
7,2726,7_중곡,중곡,main,down,saturday,48.27,54.4,92.9,78.29,423,09:00~09:30,87.98,1,30,65.41,42.19
7,2726,7_중곡,중곡,main,down,sunday,34.07,37.0,63.63,56.87,423,10:00~10:30,57.4,0,0,37.97,31.67
7,2726,7_중곡,중곡,main,down,weekday,50.4,39.6,160.4,131.16,429,07:30~08:00,142.57,8,240,128.97,35.32
7,2726,7_중곡,중곡,main,up,saturday,43.07,43.7,85.07,70.6,420,16:30~17:00,71.06,0,0,23.99,65.26
7,2726,7_중곡,중곡,main,up,sunday,31.06,30.4,58.1,52.1,420,18:30~19:00,51.4,0,0,16.75,49.12
7,2726,7_중곡,중곡,main,up,weekday,48.64,35.9,141.6,118.3,429,18:00~18:30,133.42,4,120,25.77,108.29
7,2727,7_군자,군자,main,down,saturday,49.02,55.5,95.29,78.19,423,09:00~09:30,89.91,1,30,64.95,43.56
7,2727,7_군자,군자,main,down,sunday,34.0,37.0,66.64,56.09,423,09:00~09:30,54.68,0,0,36.55,32.25
7,2727,7_군자,군자,main,down,weekday,51.21,40.2,159.4,135.6,429,08:00~08:30,141.7,7,210,130.36,35.74
7,2727,7_군자,군자,main,up,saturday,44.74,45.22,85.5,74.3,420,16:30~17:00,73.76,0,0,24.59,68.18
7,2727,7_군자,군자,main,up,sunday,32.28,31.15,61.8,54.4,420,18:30~19:00,54.05,0,0,17.3,51.27
7,2727,7_군자,군자,main,up,weekday,51.01,37.5,143.9,122.3,429,18:00~18:30,136.2,9,270,28.02,111.87
7,2728,7_어린이대공원,어린이대공원,main,down,saturday,50.85,58.5,96.64,80.7,423,09:00~09:30,90.57,1,30,64.27,46.95
7,2728,7_어린이대공원,어린이대공원,main,down,sunday,35.14,38.9,70.96,56.59,423,10:30~11:00,55.44,0,0,35.75,34.34
7,2728,7_어린이대공원,어린이대공원,main,down,weekday,52.98,42.3,160.6,135.68,429,08:00~08:30,142.73,7,210,128.65,40.7
7,2728,7_어린이대공원,어린이대공원,main,up,saturday,45.08,46.52,85.91,75.6,420,17:30~18:00,75.23,0,0,21.92,69.45
7,2728,7_어린이대공원,어린이대공원,main,up,sunday,32.35,31.69,63.2,54.9,420,18:30~19:00,53.87,0,0,15.1,51.94
7,2728,7_어린이대공원,어린이대공원,main,up,weekday,51.58,37.0,143.1,125.48,429,18:00~18:30,133.43,9,270,25.76,113.66
7,2729,7_건대입구,건대입구,main,down,saturday,42.52,45.3,79.38,64.49,423,09:00~09:30,75.9,0,0,53.0,43.19
7,2729,7_건대입구,건대입구,main,down,sunday,29.33,31.54,49.6,44.87,423,09:00~09:30,44.11,0,0,28.83,32.83
7,2729,7_건대입구,건대입구,main,down,weekday,45.32,36.8,126.6,108.92,429,08:00~08:30,113.67,6,180,103.9,40.86
7,2729,7_건대입구,건대입구,main,up,saturday,46.01,48.79,83.5,75.23,423,17:30~18:00,75.6,0,0,23.56,69.73
7,2729,7_건대입구,건대입구,main,up,sunday,33.15,33.3,62.4,55.3,423,20:30~21:00,54.39,0,0,16.36,52.24
7,2729,7_건대입구,건대입구,main,up,weekday,52.63,38.86,139.43,123.16,429,18:00~18:30,133.54,9,270,28.83,113.27
7,2730,7_자양,자양,main,down,saturday,42.11,45.1,81.2,64.98,423,09:00~09:30,76.99,0,0,52.52,41.53
7,2730,7_자양,자양,main,down,sunday,28.76,31.05,48.92,42.89,423,09:00~09:30,43.79,0,0,28.48,31.34
7,2730,7_자양,자양,main,down,weekday,45.62,36.4,129.2,110.7,429,08:00~08:30,115.91,6,180,105.24,39.55
7,2730,7_자양,자양,main,up,saturday,40.44,42.95,81.4,65.57,420,16:30~17:00,67.58,0,0,22.45,59.28
7,2730,7_자양,자양,main,up,sunday,28.65,30.36,55.6,46.27,420,17:30~18:00,45.17,0,0,14.66,44.25
7,2730,7_자양,자양,main,up,weekday,45.45,36.0,121.11,104.74,429,18:00~18:30,115.69,4,120,31.81,96.35
7,2731,7_청담,청담,main,down,saturday,41.38,45.3,75.84,61.7,423,09:00~09:30,69.29,0,0,46.6,43.71
7,2731,7_청담,청담,main,down,sunday,28.21,31.09,52.1,40.8,423,16:30~17:00,40.95,0,0,25.33,32.31
7,2731,7_청담,청담,main,down,weekday,44.18,36.6,111.6,95.6,429,08:00~08:30,102.06,6,180,92.11,46.45
7,2731,7_청담,청담,main,up,saturday,39.54,42.12,75.5,65.53,423,16:30~17:00,67.49,0,0,22.36,57.85
7,2731,7_청담,청담,main,up,sunday,27.73,29.84,50.6,45.0,423,16:30~17:00,44.59,0,0,14.53,42.72
7,2731,7_청담,청담,main,up,weekday,45.28,36.2,129.8,104.1,429,18:00~18:30,121.7,4,120,31.01,97.87
7,2732,7_강남구청,강남구청,main,down,saturday,40.72,44.2,78.6,59.79,423,16:30~17:00,63.7,0,0,38.53,48.36
7,2732,7_강남구청,강남구청,main,down,sunday,27.6,30.4,51.1,39.8,423,16:30~17:00,41.76,0,0,21.38,34.19
7,2732,7_강남구청,강남구청,main,down,weekday,43.36,38.0,90.2,76.27,429,07:30~08:00,83.01,2,60,73.49,57.52
7,2732,7_강남구청,강남구청,main,up,saturday,39.66,40.8,73.1,63.1,423,16:00~16:30,63.44,0,0,24.84,55.3
7,2732,7_강남구청,강남구청,main,up,sunday,27.64,29.2,49.0,43.49,423,16:30~17:00,43.73,0,0,15.65,40.83
7,2732,7_강남구청,강남구청,main,up,weekday,44.58,36.62,119.7,90.7,429,18:00~18:30,110.58,4,120,38.18,89.15
7,2733,7_학동,학동,main,down,saturday,40.93,43.83,77.8,62.04,423,16:30~17:00,64.49,0,0,34.75,51.43
7,2733,7_학동,학동,main,down,sunday,27.65,30.1,53.6,41.68,423,16:30~17:00,43.42,0,0,19.66,36.24
7,2733,7_학동,학동,main,down,weekday,44.2,41.2,85.1,74.16,429,18:00~18:30,82.27,1,30,60.98,71.33
7,2733,7_학동,학동,main,up,saturday,40.45,40.8,71.1,61.09,423,16:00~16:30,62.21,0,0,28.84,52.19
7,2733,7_학동,학동,main,up,sunday,27.85,30.0,48.0,41.4,423,16:30~17:00,42.45,0,0,17.28,38.67
7,2733,7_학동,학동,main,up,weekday,43.95,40.39,101.9,79.09,429,18:00~18:30,94.83,2,60,50.59,76.65
7,2734,7_논현,논현,main,down,saturday,37.08,38.0,74.7,57.78,423,16:30~17:00,60.33,0,0,27.31,48.63
7,2734,7_논현,논현,main,down,sunday,25.55,27.6,47.2,39.09,423,16:30~17:00,39.8,0,0,16.73,34.53
7,2734,7_논현,논현,main,down,weekday,41.29,38.2,94.8,76.33,429,18:00~18:30,92.44,1,30,43.43,76.69
7,2734,7_논현,논현,main,up,saturday,40.88,42.3,68.8,61.1,423,16:00~16:30,62.51,0,0,31.38,50.11
7,2734,7_논현,논현,main,up,sunday,28.02,30.6,45.5,40.69,423,16:30~17:00,41.37,0,0,18.33,37.01
7,2734,7_논현,논현,main,up,weekday,44.0,42.1,87.2,74.07,429,08:00~08:30,81.99,1,30,65.36,64.56
7,2735,7_반포,반포,main,down,saturday,36.88,37.8,74.9,58.19,423,16:30~17:00,62.32,0,0,26.05,49.06
7,2735,7_반포,반포,main,down,sunday,25.33,27.17,47.1,39.27,423,16:30~17:00,40.48,0,0,15.9,34.64
7,2735,7_반포,반포,main,down,weekday,41.17,37.5,92.6,77.2,429,18:00~18:30,89.26,1,30,43.17,77.32
7,2735,7_반포,반포,main,up,saturday,38.22,41.95,61.9,55.4,420,16:30~17:00,55.49,0,0,33.21,44.63
7,2735,7_반포,반포,main,up,sunday,26.54,28.92,44.1,38.2,420,16:30~17:00,39.67,0,0,18.41,34.26
7,2735,7_반포,반포,main,up,weekday,40.83,35.46,100.1,80.02,429,08:00~08:30,95.14,2,60,75.85,50.55
7,2736,7_고속터미널,고속터미널,main,down,saturday,39.85,42.9,82.7,68.36,423,16:30~17:00,72.53,0,0,21.96,59.04
7,2736,7_고속터미널,고속터미널,main,down,sunday,27.94,29.95,51.4,45.8,423,16:30~17:00,46.01,0,0,13.53,42.75
7,2736,7_고속터미널,고속터미널,main,down,weekday,46.44,38.6,113.6,95.08,429,18:00~18:30,109.13,5,150,37.39,95.13
7,2736,7_고속터미널,고속터미널,main,up,saturday,37.95,41.15,61.3,55.02,420,16:30~17:00,54.21,0,0,34.47,42.86
7,2736,7_고속터미널,고속터미널,main,up,sunday,26.33,29.3,45.4,37.8,420,16:30~17:00,38.85,0,0,19.14,33.39
7,2736,7_고속터미널,고속터미널,main,up,weekday,40.62,34.8,103.3,80.78,429,08:00~08:30,96.52,3,90,76.92,49.08
7,2737,7_내방,내방,main,down,saturday,39.02,42.5,80.7,66.79,423,16:30~17:00,71.68,0,0,20.71,58.6
7,2737,7_내방,내방,main,down,sunday,27.34,29.4,49.6,44.79,423,16:30~17:00,45.12,0,0,12.94,42.05
7,2737,7_내방,내방,main,down,weekday,46.1,38.0,117.9,97.36,429,18:00~18:30,111.39,5,150,34.68,97.95
7,2737,7_내방,내방,main,up,saturday,41.71,46.5,79.3,65.68,423,09:00~09:30,73.61,0,0,48.3,39.74
7,2737,7_내방,내방,main,up,sunday,28.33,29.6,53.7,44.49,423,12:30~13:00,43.87,0,0,26.64,30.64
7,2737,7_내방,내방,main,up,weekday,45.32,37.8,139.3,100.18,429,08:00~08:30,133.13,5,150,102.53,45.17
7,2738,7_이수,이수,main,down,saturday,34.31,36.0,70.0,57.94,423,16:30~17:00,60.56,0,0,18.31,51.85
7,2738,7_이수,이수,main,down,sunday,24.32,24.27,44.8,40.5,423,18:30~19:00,40.9,0,0,10.71,38.51
7,2738,7_이수,이수,main,down,weekday,41.7,33.4,103.4,87.92,429,18:00~18:30,95.45,4,120,30.89,85.62
7,2738,7_이수,이수,main,up,saturday,41.74,46.9,77.1,65.49,423,09:00~09:30,72.58,0,0,49.57,38.27
7,2738,7_이수,이수,main,up,sunday,28.32,29.6,53.8,43.79,423,10:00~10:30,42.87,0,0,27.18,29.66
7,2738,7_이수,이수,main,up,weekday,45.39,37.2,141.6,100.96,429,08:00~08:30,135.91,6,180,104.35,40.94
7,2739,7_남성,남성,main,down,saturday,32.71,34.4,71.35,54.25,423,16:30~17:00,57.85,0,0,18.05,48.93
7,2739,7_남성,남성,main,down,sunday,23.03,23.5,42.0,38.09,423,18:30~19:00,39.15,0,0,10.55,35.95
7,2739,7_남성,남성,main,down,weekday,40.03,32.2,97.5,82.06,429,18:00~18:30,90.29,2,60,32.04,80.35
7,2739,7_남성,남성,main,up,saturday,37.04,39.9,72.5,62.95,423,09:00~09:30,69.05,0,0,47.29,31.4
7,2739,7_남성,남성,main,up,sunday,25.16,26.5,53.8,42.49,423,10:00~10:30,43.54,0,0,27.09,23.51
7,2739,7_남성,남성,main,up,weekday,41.28,33.4,133.3,96.56,429,08:00~08:30,128.2,6,180,98.01,36.58
7,2740,7_숭실대입구,숭실대입구,main,down,saturday,30.41,32.6,66.11,51.61,423,16:30~17:00,54.54,0,0,16.27,45.58
7,2740,7_숭실대입구,숭실대입구,main,down,sunday,21.23,22.2,37.6,34.88,423,18:30~19:00,35.06,0,0,10.08,32.6
7,2740,7_숭실대입구,숭실대입구,main,down,weekday,37.23,31.02,88.8,77.46,429,18:00~18:30,80.95,1,30,32.06,74.66
7,2740,7_숭실대입구,숭실대입구,main,up,saturday,35.12,37.96,67.1,58.22,420,09:00~09:30,62.98,0,0,44.1,29.62
7,2740,7_숭실대입구,숭실대입구,main,up,sunday,23.88,25.6,52.4,39.23,420,10:00~10:30,40.5,0,0,25.29,22.5
7,2740,7_숭실대입구,숭실대입구,main,up,weekday,39.26,32.64,124.4,91.62,429,08:00~08:30,118.47,4,120,91.35,36.86
7,2741,7_상도,상도,main,down,saturday,29.17,31.2,62.09,48.99,423,16:30~17:00,52.95,0,0,15.45,43.49
7,2741,7_상도,상도,main,down,sunday,20.16,21.0,38.8,32.59,423,16:30~17:00,33.25,0,0,9.85,30.46
7,2741,7_상도,상도,main,down,weekday,35.41,31.0,85.2,73.36,429,18:00~18:30,77.34,0,0,32.58,70.51
7,2741,7_상도,상도,main,up,saturday,32.82,35.25,67.66,54.01,420,09:00~09:30,63.34,0,0,42.36,27.2
7,2741,7_상도,상도,main,up,sunday,22.52,24.0,48.4,37.4,420,09:00~09:30,39.13,0,0,23.88,21.57
7,2741,7_상도,상도,main,up,weekday,36.42,30.8,113.62,83.93,429,08:00~08:30,110.03,2,60,84.37,34.59
7,2742,7_장승배기,장승배기,main,down,saturday,28.59,30.7,60.88,48.3,423,16:30~17:00,52.03,0,0,15.32,42.27
7,2742,7_장승배기,장승배기,main,down,sunday,19.72,21.0,37.2,31.2,423,16:30~17:00,31.86,0,0,9.8,29.41
7,2742,7_장승배기,장승배기,main,down,weekday,34.67,31.0,80.7,70.5,429,18:30~19:00,72.77,0,0,33.92,67.85
7,2742,7_장승배기,장승배기,main,up,saturday,31.09,33.58,63.79,51.22,420,09:00~09:30,59.67,0,0,41.42,25.87
7,2742,7_장승배기,장승배기,main,up,sunday,21.5,22.55,46.4,34.96,420,09:00~09:30,37.06,0,0,23.18,21.02
7,2742,7_장승배기,장승배기,main,up,weekday,34.98,29.7,107.47,77.88,429,08:00~08:30,103.6,2,60,79.85,33.89
7,2743,7_신대방삼거리,신대방삼거리,main,down,saturday,27.71,29.71,58.9,45.97,423,16:30~17:00,49.44,0,0,15.61,39.64
7,2743,7_신대방삼거리,신대방삼거리,main,down,sunday,18.9,20.41,35.0,28.74,423,16:30~17:00,30.48,0,0,10.09,26.87
7,2743,7_신대방삼거리,신대방삼거리,main,down,weekday,33.1,30.7,74.7,64.3,429,18:00~18:30,66.31,0,0,37.0,61.83
7,2743,7_신대방삼거리,신대방삼거리,main,up,saturday,29.99,32.5,61.0,49.61,420,09:00~09:30,57.84,0,0,40.14,25.88
7,2743,7_신대방삼거리,신대방삼거리,main,up,sunday,20.82,21.9,46.1,33.19,420,09:00~09:30,36.44,0,0,22.54,21.08
7,2743,7_신대방삼거리,신대방삼거리,main,up,weekday,33.98,29.0,100.5,75.83,429,08:00~08:30,97.21,2,60,76.48,34.08
7,2744,7_보라매,보라매,main,down,saturday,26.85,28.61,53.5,45.38,423,16:30~17:00,48.44,0,0,14.79,38.33
7,2744,7_보라매,보라매,main,down,sunday,18.32,20.02,35.2,28.2,423,16:30~17:00,30.53,0,0,9.71,26.05
7,2744,7_보라매,보라매,main,down,weekday,32.2,30.0,78.2,64.14,429,18:00~18:30,68.66,0,0,36.04,61.04
7,2744,7_보라매,보라매,main,up,saturday,28.53,31.45,55.8,45.4,420,09:00~09:30,52.75,0,0,36.58,26.21
7,2744,7_보라매,보라매,main,up,sunday,19.88,21.2,42.3,31.7,420,09:00~09:30,33.07,0,0,20.49,21.26
7,2744,7_보라매,보라매,main,up,weekday,32.16,27.2,84.99,68.11,429,08:00~08:30,81.73,1,30,67.33,35.4
7,2745,7_신풍,신풍,main,down,saturday,26.43,27.8,51.7,43.85,423,16:30~17:00,46.37,0,0,15.59,37.43
7,2745,7_신풍,신풍,main,down,sunday,18.27,20.2,32.9,27.48,423,16:30~17:00,29.32,0,0,10.17,25.41
7,2745,7_신풍,신풍,main,down,weekday,31.8,30.28,71.6,62.5,429,18:00~18:30,64.37,0,0,39.29,58.52
7,2745,7_신풍,신풍,main,up,saturday,27.63,29.75,52.1,44.19,420,09:00~09:30,49.01,0,0,36.38,25.26
7,2745,7_신풍,신풍,main,up,sunday,19.38,20.8,37.6,30.0,420,10:00~10:30,31.61,0,0,20.58,20.55
7,2745,7_신풍,신풍,main,up,weekday,31.5,25.8,86.89,69.84,429,08:00~08:30,84.24,1,30,68.31,34.72
7,2746,7_대림,대림,main,down,saturday,31.68,34.0,59.71,52.38,423,17:00~17:30,54.6,0,0,17.54,45.94
7,2746,7_대림,대림,main,down,sunday,22.77,24.7,40.8,35.87,423,16:30~17:00,37.0,0,0,11.76,33.51
7,2746,7_대림,대림,main,down,weekday,39.01,36.9,89.2,79.88,429,18:00~18:30,82.13,2,60,44.8,73.85
7,2746,7_대림,대림,main,up,saturday,27.35,29.05,55.2,43.72,420,05:30~06:00,47.69,0,0,34.14,25.22
7,2746,7_대림,대림,main,up,sunday,19.35,21.21,35.5,28.8,420,10:00~10:30,31.06,0,0,19.7,20.46
7,2746,7_대림,대림,main,up,weekday,31.55,26.0,79.65,69.5,429,08:00~08:30,76.76,0,0,63.95,36.91
7,2747,7_남구로,남구로,main,down,saturday,31.38,33.7,56.3,49.19,423,16:30~17:00,51.4,0,0,18.07,44.0
7,2747,7_남구로,남구로,main,down,sunday,22.69,24.3,39.9,35.25,423,16:30~17:00,37.41,0,0,12.13,32.89
7,2747,7_남구로,남구로,main,down,weekday,39.74,37.6,100.8,86.5,429,18:00~18:30,92.37,3,90,44.2,78.76
7,2747,7_남구로,남구로,main,up,saturday,33.14,37.46,55.7,51.4,420,09:00~09:30,52.34,0,0,40.0,31.88
7,2747,7_남구로,남구로,main,up,sunday,23.79,24.92,44.67,40.8,420,11:00~11:30,40.87,0,0,23.61,23.43
7,2747,7_남구로,남구로,main,up,weekday,37.54,32.5,99.64,84.03,429,08:00~08:30,94.3,2,60,80.07,43.84
7,2748,7_가산디지털단지,가산디지털단지,main,down,saturday,34.88,36.9,66.97,56.9,423,16:30~17:00,60.08,0,0,18.26,51.97
7,2748,7_가산디지털단지,가산디지털단지,main,down,sunday,24.47,25.1,45.7,39.39,423,16:30~17:00,41.31,0,0,12.17,36.95
7,2748,7_가산디지털단지,가산디지털단지,main,down,weekday,44.25,32.9,157.0,122.78,429,18:00~18:30,142.85,5,150,24.9,112.91
7,2748,7_가산디지털단지,가산디지털단지,main,up,saturday,32.79,36.9,54.7,50.1,420,09:00~09:30,51.61,0,0,38.37,32.56
7,2748,7_가산디지털단지,가산디지털단지,main,up,sunday,23.61,24.63,45.7,40.6,420,11:00~11:30,41.97,0,0,22.54,23.56
7,2748,7_가산디지털단지,가산디지털단지,main,up,weekday,38.18,32.7,106.5,91.72,429,08:00~08:30,100.79,3,90,86.66,42.96
7,2749,7_철산,철산,main,down,saturday,31.25,33.14,59.57,50.88,423,16:30~17:00,53.94,0,0,16.54,46.03
7,2749,7_철산,철산,main,down,sunday,22.25,22.88,40.3,35.9,423,16:30~17:00,37.01,0,0,11.55,33.35
7,2749,7_철산,철산,main,down,weekday,39.43,31.5,138.8,109.22,429,18:00~18:30,126.94,4,120,25.38,98.88
7,2749,7_철산,철산,main,up,saturday,34.25,38.7,61.7,54.53,420,09:00~09:30,57.89,0,0,42.41,31.91
7,2749,7_철산,철산,main,up,sunday,24.58,25.16,45.7,41.9,420,11:00~11:30,42.5,0,0,25.35,24.43
7,2749,7_철산,철산,main,up,weekday,40.1,27.3,147.55,130.72,429,08:00~08:30,140.41,5,150,120.12,24.86
7,2750,7_광명사거리,광명사거리,main,down,saturday,27.17,28.7,50.8,44.31,423,16:30~17:00,47.77,0,0,14.82,40.03
7,2750,7_광명사거리,광명사거리,main,down,sunday,19.4,20.1,34.7,31.57,423,16:30~17:00,32.71,0,0,10.27,29.47
7,2750,7_광명사거리,광명사거리,main,down,weekday,34.75,29.51,125.0,95.28,429,18:00~18:30,116.08,3,90,25.36,87.37
7,2750,7_광명사거리,광명사거리,main,up,saturday,30.7,34.05,57.0,49.3,420,09:00~09:30,52.95,0,0,39.1,29.09
7,2750,7_광명사거리,광명사거리,main,up,sunday,22.38,21.95,43.9,38.1,420,10:30~11:00,40.85,0,0,23.26,22.36
7,2750,7_광명사거리,광명사거리,main,up,weekday,35.91,25.6,128.99,115.96,429,08:00~08:30,124.7,5,150,106.38,23.81
7,2751,7_천왕,천왕,main,down,saturday,25.19,26.4,45.9,40.89,423,16:30~17:00,41.94,0,0,14.52,36.53
7,2751,7_천왕,천왕,main,down,sunday,17.81,18.9,30.7,27.9,423,16:30~17:00,28.09,0,0,9.85,26.44
7,2751,7_천왕,천왕,main,down,weekday,32.0,28.5,109.5,85.91,429,18:00~18:30,105.47,3,90,26.25,79.22
7,2751,7_천왕,천왕,main,up,saturday,26.72,28.26,50.1,43.9,420,08:30~09:00,47.79,0,0,34.04,25.13
7,2751,7_천왕,천왕,main,up,sunday,19.54,19.08,41.1,32.7,420,10:00~10:30,38.16,0,0,20.41,19.14
7,2751,7_천왕,천왕,main,up,weekday,31.69,22.45,116.3,97.87,426,08:00~08:30,112.63,4,120,92.43,22.5
7,2752,7_온수,온수,main,down,saturday,24.43,25.4,51.3,41.59,423,17:30~18:00,47.14,0,0,13.07,36.89
7,2752,7_온수,온수,main,down,sunday,16.96,17.4,34.1,28.89,423,17:30~18:00,31.04,0,0,7.88,26.19
7,2752,7_온수,온수,main,down,weekday,28.84,21.58,99.6,82.19,429,18:00~18:30,92.43,2,60,21.33,70.72
7,2752,7_온수,온수,main,up,saturday,24.55,25.2,45.22,40.48,423,11:30~12:00,41.5,0,0,29.8,22.55
7,2752,7_온수,온수,main,up,sunday,17.95,18.76,37.9,30.98,423,10:00~10:30,35.46,0,0,17.9,17.27
7,2752,7_온수,온수,main,up,weekday,28.72,20.4,107.1,85.34,429,08:00~08:30,104.48,3,90,80.94,22.0
8,2810,8_암사역사공원,암사역사공원,main,down,saturday,20.57,23.2,41.31,35.47,272,09:00~09:30,35.67,0,0,25.36,19.51
8,2810,8_암사역사공원,암사역사공원,main,down,sunday,14.55,14.85,29.03,25.92,272,12:30~13:00,25.48,0,0,15.23,13.62
8,2810,8_암사역사공원,암사역사공원,main,down,weekday,20.69,16.7,88.27,60.96,273,08:00~08:30,81.02,1,30,61.49,14.71
8,2810,8_암사역사공원,암사역사공원,main,up,saturday,17.9,19.8,38.7,30.53,272,16:30~17:00,30.66,0,0,7.6,27.57
8,2810,8_암사역사공원,암사역사공원,main,up,sunday,12.63,14.15,25.53,22.4,272,17:30~18:00,22.67,0,0,4.73,20.91
8,2810,8_암사역사공원,암사역사공원,main,up,weekday,18.97,13.7,55.09,43.63,273,18:30~19:00,52.49,0,0,6.99,41.4
8,2811,8_암사,암사,main,down,saturday,23.35,17.8,57.3,49.77,423,09:00~09:30,40.66,0,0,29.58,21.3
8,2811,8_암사,암사,main,down,sunday,16.57,13.0,44.62,37.25,423,10:00~10:30,29.9,0,0,18.28,14.83
8,2811,8_암사,암사,main,down,weekday,23.46,18.1,100.9,77.1,429,08:00~08:30,76.85,0,0,66.2,17.02
8,2811,8_암사,암사,main,up,saturday,13.15,10.8,46.2,34.89,423,16:30~17:00,22.83,0,0,5.38,20.49
8,2811,8_암사,암사,main,up,sunday,9.36,7.2,29.8,25.03,423,17:30~18:00,16.89,0,0,3.67,15.58
8,2811,8_암사,암사,main,up,weekday,14.24,9.1,62.5,47.02,429,18:30~19:00,37.95,0,0,5.5,30.66
8,2812,8_천호,천호,main,down,saturday,41.87,41.1,82.1,71.49,423,13:00~13:30,65.26,0,0,44.44,45.93
8,2812,8_천호,천호,main,down,sunday,29.89,30.7,63.03,52.68,423,13:00~13:30,48.59,0,0,28.16,33.06
8,2812,8_천호,천호,main,down,weekday,43.73,37.6,152.5,122.36,429,08:00~08:30,135.28,5,150,113.22,41.17
8,2812,8_천호,천호,main,up,saturday,22.75,17.4,63.4,49.48,423,17:30~18:00,39.88,0,0,10.07,35.88
8,2812,8_천호,천호,main,up,sunday,16.4,12.8,41.2,35.85,423,17:30~18:00,29.36,0,0,6.57,27.3
8,2812,8_천호,천호,main,up,weekday,25.24,18.2,86.9,65.82,429,18:30~19:00,67.07,0,0,10.27,53.56
8,2813,8_강동구청,강동구청,main,down,saturday,43.77,43.9,86.97,74.6,423,13:00~13:30,67.83,0,0,47.7,47.06
8,2813,8_강동구청,강동구청,main,down,sunday,31.16,32.3,65.46,55.47,423,13:00~13:30,51.06,0,0,30.07,33.75
8,2813,8_강동구청,강동구청,main,down,weekday,46.0,38.8,159.4,128.22,429,08:00~08:30,141.97,5,150,118.84,43.44
8,2813,8_강동구청,강동구청,main,up,saturday,40.03,40.3,80.7,71.7,423,16:30~17:00,67.02,0,0,21.46,59.7
8,2813,8_강동구청,강동구청,main,up,sunday,28.47,28.8,57.59,50.72,423,18:00~18:30,48.01,0,0,14.26,43.66
8,2813,8_강동구청,강동구청,main,up,weekday,45.21,36.5,134.0,103.07,429,18:30~19:00,122.1,4,120,25.35,97.52
8,2814,8_몽촌토성,몽촌토성,main,down,saturday,45.11,45.5,87.11,76.1,423,13:00~13:30,67.09,0,0,48.16,49.38
8,2814,8_몽촌토성,몽촌토성,main,down,sunday,32.35,33.1,65.89,56.84,423,12:30~13:00,53.82,0,0,29.85,35.43
8,2814,8_몽촌토성,몽촌토성,main,down,weekday,47.62,41.0,151.9,131.65,429,08:00~08:30,138.2,5,150,120.61,47.79
8,2814,8_몽촌토성,몽촌토성,main,up,saturday,42.04,42.9,85.44,74.92,420,16:30~17:00,69.52,0,0,21.87,63.25
8,2814,8_몽촌토성,몽촌토성,main,up,sunday,30.0,30.58,60.4,53.11,420,18:00~18:30,50.6,0,0,14.61,46.56
8,2814,8_몽촌토성,몽촌토성,main,up,weekday,47.98,37.7,133.8,106.96,429,18:30~19:00,123.22,5,150,27.83,103.26
8,2815,8_잠실,잠실,main,down,saturday,50.75,53.1,91.4,81.25,423,16:30~17:00,80.01,1,30,37.1,71.86
8,2815,8_잠실,잠실,main,down,sunday,36.75,40.6,63.4,58.47,423,17:00~17:30,57.7,0,0,22.94,54.07
8,2815,8_잠실,잠실,main,down,weekday,54.55,47.7,119.5,97.02,429,08:00~08:30,108.06,8,240,90.1,83.77
8,2815,8_잠실,잠실,main,up,saturday,43.31,45.1,88.09,76.85,423,16:30~17:00,72.63,0,0,22.56,65.29
8,2815,8_잠실,잠실,main,up,sunday,30.94,32.2,61.5,54.98,423,18:00~18:30,51.44,0,0,16.0,47.77
8,2815,8_잠실,잠실,main,up,weekday,49.42,40.0,136.4,106.56,429,18:30~19:00,127.26,5,150,30.78,104.18
8,2816,8_석촌,석촌,main,down,saturday,51.63,53.4,96.08,81.27,423,16:30~17:00,80.9,3,90,34.69,73.57
8,2816,8_석촌,석촌,main,down,sunday,37.8,41.3,64.8,59.84,423,17:00~17:30,58.61,0,0,22.27,56.29
8,2816,8_석촌,석촌,main,down,weekday,58.04,51.4,124.2,105.11,429,08:00~08:30,109.62,8,240,92.52,92.28
8,2816,8_석촌,석촌,main,up,saturday,51.29,52.2,95.78,85.34,423,16:30~17:00,84.09,2,60,37.94,63.44
8,2816,8_석촌,석촌,main,up,sunday,35.56,36.4,71.3,60.09,423,12:30~13:00,60.94,0,0,25.4,41.9
8,2816,8_석촌,석촌,main,up,weekday,55.35,50.6,125.1,108.81,429,18:00~18:30,119.83,6,180,79.36,96.31
8,2817,8_송파,송파,main,down,saturday,49.76,51.9,90.38,77.86,423,16:30~17:00,76.85,0,0,33.96,69.55
8,2817,8_송파,송파,main,down,sunday,36.48,40.6,60.2,56.0,423,17:00~17:30,55.11,0,0,22.01,52.84
8,2817,8_송파,송파,main,down,weekday,55.75,48.5,125.4,99.85,429,08:00~08:30,110.02,6,180,92.02,85.97
8,2817,8_송파,송파,main,up,saturday,53.84,55.8,100.1,91.0,423,12:30~13:00,88.53,10,300,44.09,63.51
8,2817,8_송파,송파,main,up,sunday,37.33,37.9,75.82,64.28,423,12:30~13:00,67.12,0,0,28.81,41.8
8,2817,8_송파,송파,main,up,weekday,58.49,51.84,132.3,109.96,429,18:00~18:30,125.71,8,240,91.42,98.5
8,2818,8_가락시장,가락시장,main,down,saturday,44.32,46.9,77.7,69.07,423,17:30~18:00,67.45,0,0,28.04,61.85
8,2818,8_가락시장,가락시장,main,down,sunday,32.21,35.8,56.9,49.09,423,17:30~18:00,48.17,0,0,18.32,46.58
8,2818,8_가락시장,가락시장,main,down,weekday,50.9,44.9,108.5,94.05,429,18:00~18:30,94.67,5,150,79.29,82.98
8,2818,8_가락시장,가락시장,main,up,saturday,51.33,53.7,96.9,85.98,423,12:30~13:00,83.66,5,150,41.69,61.79
8,2818,8_가락시장,가락시장,main,up,sunday,35.71,37.6,70.87,60.79,423,12:30~13:00,62.98,0,0,27.06,41.22
8,2818,8_가락시장,가락시장,main,up,weekday,56.02,49.8,137.8,105.36,429,18:00~18:30,127.5,8,240,84.46,96.93
8,2819,8_문정,문정,main,down,saturday,38.72,40.5,71.7,60.5,423,17:30~18:00,58.85,0,0,24.09,55.04
8,2819,8_문정,문정,main,down,sunday,28.43,30.31,51.3,44.56,423,17:00~17:30,43.8,0,0,15.9,42.03
8,2819,8_문정,문정,main,down,weekday,42.77,39.3,111.2,87.94,429,18:00~18:30,102.11,3,90,46.73,83.43
8,2819,8_문정,문정,main,up,saturday,47.08,50.1,88.2,79.68,423,16:00~16:30,75.68,0,0,41.84,54.66
8,2819,8_문정,문정,main,up,sunday,32.73,33.6,63.2,54.99,423,12:30~13:00,55.93,0,0,26.72,36.65
8,2819,8_문정,문정,main,up,weekday,52.64,45.0,127.9,104.92,429,08:00~08:30,119.29,8,240,89.49,86.99
8,2820,8_장지,장지,main,down,saturday,33.14,33.9,64.3,52.89,423,22:00~22:30,53.25,0,0,19.64,47.99
8,2820,8_장지,장지,main,down,sunday,24.24,25.61,42.8,38.8,423,21:00~21:30,39.11,0,0,13.01,35.92
8,2820,8_장지,장지,main,down,weekday,36.71,34.1,97.3,74.7,429,18:00~18:30,91.26,1,30,39.98,72.41
8,2820,8_장지,장지,main,up,saturday,41.64,45.92,79.3,69.17,420,12:30~13:00,66.58,0,0,39.36,46.05
8,2820,8_장지,장지,main,up,sunday,29.29,29.7,53.6,49.01,420,12:30~13:00,49.83,0,0,24.85,31.54
8,2820,8_장지,장지,main,up,weekday,43.57,37.8,129.3,99.78,429,08:00~08:30,121.39,4,120,92.36,55.38
8,2821,8_복정,복정,main,down,saturday,21.21,22.0,48.4,36.19,423,22:00~22:30,35.01,0,0,10.52,32.65
8,2821,8_복정,복정,main,down,sunday,15.62,15.8,30.0,26.9,423,21:00~21:30,27.16,0,0,6.63,24.73
8,2821,8_복정,복정,main,down,weekday,24.29,20.6,68.1,58.2,429,18:00~18:30,61.53,0,0,19.56,52.56
8,2821,8_복정,복정,main,up,saturday,34.91,38.5,71.9,59.2,420,12:30~13:00,58.45,0,0,34.21,35.77
8,2821,8_복정,복정,main,up,sunday,24.8,24.41,48.8,42.9,420,12:30~13:00,43.43,0,0,21.73,24.86
8,2821,8_복정,복정,main,up,weekday,37.1,31.7,116.34,88.46,429,08:00~08:30,108.52,2,60,80.64,45.43
8,2822,8_산성,산성,main,down,saturday,15.79,16.59,36.5,26.9,423,22:00~22:30,26.53,0,0,7.89,24.21
8,2822,8_산성,산성,main,down,sunday,11.9,12.3,24.1,20.5,423,21:00~21:30,20.94,0,0,5.07,18.39
8,2822,8_산성,산성,main,down,weekday,18.38,16.3,49.7,40.36,429,18:00~18:30,43.9,0,0,16.04,37.71
8,2822,8_산성,산성,main,up,saturday,19.57,21.82,41.6,33.91,420,09:00~09:30,33.0,0,0,25.66,16.54
8,2822,8_산성,산성,main,up,sunday,13.94,14.1,28.2,25.61,420,10:00~10:30,25.36,0,0,16.02,11.93
8,2822,8_산성,산성,main,up,weekday,20.64,17.9,80.1,57.6,429,08:00~08:30,76.11,0,0,54.98,18.76
8,2823,8_남한산성입구,남한산성입구,main,down,saturday,13.09,13.39,23.2,19.6,423,17:30~18:00,19.76,0,0,9.1,18.2
8,2823,8_남한산성입구,남한산성입구,main,down,sunday,9.74,10.6,16.7,14.8,423,17:00~17:30,14.23,0,0,5.73,13.66
8,2823,8_남한산성입구,남한산성입구,main,down,weekday,14.3,12.1,35.2,29.6,429,18:00~18:30,31.3,0,0,15.44,27.45
8,2823,8_남한산성입구,남한산성입구,main,up,saturday,17.06,18.73,34.1,29.1,420,09:00~09:30,28.52,0,0,22.41,14.23
8,2823,8_남한산성입구,남한산성입구,main,up,sunday,12.28,12.2,25.3,22.2,420,10:00~10:30,21.91,0,0,13.99,10.67
8,2823,8_남한산성입구,남한산성입구,main,up,weekday,18.18,15.87,66.3,47.31,429,08:00~08:30,63.13,0,0,45.47,17.83
8,2824,8_단대오거리,단대오거리,main,down,saturday,9.72,10.4,19.73,13.8,423,13:30~14:00,12.96,0,0,9.28,11.32
8,2824,8_단대오거리,단대오거리,main,down,sunday,7.3,7.5,15.8,11.49,423,13:30~14:00,10.98,0,0,5.88,8.28
8,2824,8_단대오거리,단대오거리,main,down,weekday,10.19,9.1,23.7,17.89,429,08:00~08:30,21.06,0,0,15.0,15.48
8,2824,8_단대오거리,단대오거리,main,up,saturday,13.29,14.46,25.61,21.1,420,12:00~12:30,20.21,0,0,14.94,13.01
8,2824,8_단대오거리,단대오거리,main,up,sunday,9.76,10.35,18.7,16.2,420,09:30~10:00,15.09,0,0,9.36,10.22
8,2824,8_단대오거리,단대오거리,main,up,weekday,13.69,12.1,43.9,32.82,429,08:00~08:30,41.28,0,0,30.17,14.87
8,2825,8_신흥,신흥,main,down,saturday,7.96,8.6,18.27,12.09,423,09:00~09:30,11.94,0,0,9.2,8.36
8,2825,8_신흥,신흥,main,down,sunday,6.01,6.2,14.8,10.79,423,09:30~10:00,9.68,0,0,5.92,6.0
8,2825,8_신흥,신흥,main,down,weekday,8.43,8.0,24.8,16.75,429,08:00~08:30,23.01,0,0,15.69,10.66
8,2825,8_신흥,신흥,main,up,saturday,9.44,10.15,21.58,14.37,420,16:00~16:30,14.89,0,0,8.38,11.41
8,2825,8_신흥,신흥,main,up,sunday,7.3,7.45,16.8,12.1,420,16:00~16:30,11.39,0,0,5.46,9.42
8,2825,8_신흥,신흥,main,up,weekday,9.77,9.1,23.03,17.1,429,08:00~08:30,21.35,0,0,15.49,12.33
8,2826,8_수진,수진,main,down,saturday,7.57,8.1,19.91,13.95,386,05:30~06:00,14.23,0,0,9.96,7.16
8,2826,8_수진,수진,main,down,sunday,5.51,6.0,14.6,10.79,423,09:00~09:30,9.45,0,0,6.05,4.95
8,2826,8_수진,수진,main,down,weekday,7.95,7.98,24.2,19.36,429,08:00~08:30,22.33,0,0,16.47,8.28
8,2826,8_수진,수진,main,up,saturday,7.87,8.1,18.56,11.9,383,16:00~16:30,12.16,0,0,5.99,10.26
8,2826,8_수진,수진,main,up,sunday,6.16,6.2,16.1,10.8,420,16:00~16:30,9.73,0,0,3.81,8.6
8,2826,8_수진,수진,main,up,weekday,8.38,8.34,20.5,13.93,429,16:30~17:00,15.34,0,0,9.97,11.95
8,2827,8_모란,모란,main,down,saturday,0.0,0.0,0.0,0.0,386,05:30~06:00,0.0,0,0,0.0,0.0
8,2827,8_모란,모란,main,down,sunday,0.0,0.0,0.0,0.0,423,05:30~06:00,0.0,0,0,0.0,0.0
8,2827,8_모란,모란,main,down,weekday,0.0,0.0,0.0,0.0,429,05:30~06:00,0.0,0,0,0.0,0.0
8,2827,8_모란,모란,main,up,saturday,6.92,7.1,17.87,10.99,383,16:30~17:00,10.92,0,0,4.09,9.79
8,2827,8_모란,모란,main,up,sunday,5.37,5.4,15.0,10.31,420,18:30~19:00,9.67,0,0,2.7,8.37
8,2827,8_모란,모란,main,up,weekday,7.63,7.9,18.3,13.78,429,18:30~19:00,15.29,0,0,6.24,12.3
8,2828,8_남위례,남위례,main,down,saturday,18.55,18.7,43.6,31.66,386,22:00~22:30,31.92,0,0,9.25,28.64
8,2828,8_남위례,남위례,main,down,sunday,13.74,14.0,27.5,24.3,460,21:00~21:30,24.66,0,0,5.64,21.58
8,2828,8_남위례,남위례,main,down,weekday,21.17,17.6,60.4,49.36,429,18:00~18:30,54.09,0,0,15.96,45.87
8,2828,8_남위례,남위례,main,up,saturday,22.73,25.5,47.5,38.7,383,12:30~13:00,37.56,0,0,28.16,19.88
8,2828,8_남위례,남위례,main,up,sunday,15.63,16.2,31.12,28.42,457,10:00~10:30,27.54,0,0,17.06,13.68
8,2828,8_남위례,남위례,main,up,weekday,23.83,20.9,89.8,65.2,429,08:00~08:30,82.58,1,30,61.5,22.86
